X,Y,Theta,FmPi_x,FmPi_y,Xi_x,Xi_y
0,0,5.97970174089329,0,0,0,0
0.0357464879828623,0.0933926581530427,7.48842963028718,0.0357464879828623,0.0933926581530427,0,-0
0.0624422212665311,0.189763493079628,13.8669325457412,0.0266957332836688,0.0963708349265856,0,0
0.0479861857928274,0.288713091554726,14.282235586896,-0.0144560354737038,0.0989495984750975,0,0
-0.0492775584764488,0.311945914257119,15.4734925412743,-0.0972637442692761,0.0232328227023936,0,0
-0.078414056350385,0.407607110630791,14.4328203580924,-0.0291364978739362,0.0956611963736713,0,-0
-0.165929042780412,0.455992306198776,8.91972709550413,-0.0875149864300272,0.048385195567985,-0,-0
-0.129620935543943,0.3628165510427,5.08396148397607,0.0363081072364691,-0.0931757551560762,-0,-0
-0.10948542831483,0.2648647192649,4.9151301117543,0.0201355072291136,-0.0979518317777994,-0,0
-0.0125710338836025,0.289514265955023,6.53224777790781,0.096914394431227,0.0246495466901232,0,0
-0.0218519236524466,0.389082659961849,7.94692428552885,-0.00928088976884404,0.0995683940068261,-0,-0
0.074909939159881,0.414324329975704,12.8215476340498,0.0967618628123276,0.025241670013854,0,0
-0.0192242727864543,0.380578957830142,16.0521739045637,-0.0941342119463353,-0.0337453721455612,-0,-0
-0.0740743963556689,0.464193932233307,21.0009229709817,-0.0548501235692146,0.0836149744031647,-0,-0
0.0207284762341877,0.496012407192227,25.4565553360985,0.0948028725898566,0.03181847495892,0,-0
0.0554153862615055,0.589803762192338,20.0661213678629,0.0346869100273178,0.0937913550001105,-0,0
-0.0314167919279731,0.540203632849052,22.510136163861,-0.0868321781894786,-0.0496001293432854,0,0
-0.0485798394115433,0.638719772648969,20.5928367129015,-0.0171630474835702,0.0985161397999166,-0,-0
-0.0692975071918799,0.54088941825043,17.0700714582169,-0.0207176677803366,-0.0978303543985383,-0,0
0.0236541164047313,0.577767537382971,25.5104386787619,0.0929516235966112,0.0368781191325413,0,-0
0.0523683187302779,0.673556339363201,20.1291103734913,0.0287142023255466,0.0957888019802293,-0,-0
0.137493115902534,0.621079974146254,24.5803037880174,0.0851247971722556,-0.0524763652169464,0,0
0.0442390565591335,0.584973459277361,16.0773731100632,-0.0932540593434,-0.0361065148688935,0,0
0.0938808138882114,0.49816507299308,17.7982266565201,0.0496417573290779,-0.086808386284281,0,0
0.00309724648844246,0.456232461696243,16.1406661599793,-0.0907835673997689,-0.0419326112968369,-0,0
-0.096704625689385,0.449940696458999,22.0541078129179,-0.0998018721778275,-0.00629176523724381,0,-0
-0.148507033275548,0.535477300134134,27.2480768525925,-0.051802407586163,0.0855366036751346,0,-0
-0.0493333234199134,0.522648610665976,37.5704704357417,0.0991737098556345,-0.0128286894681576,-0,0
0.0185111345409077,0.449183452094022,30.5907735464292,0.0678444579608212,-0.0734651585719542,0,-0
0.110414186177606,0.409764813103535,31.0107441448071,0.0919030516366982,-0.0394186389904876,0,0
0.203110792625272,0.447279332333915,31.800479937166,0.0926966064476658,0.0375145192303802,-0,-0
0.137244977904302,0.372035100321468,35.409281480248,-0.0658658147209692,-0.075244232012447,-0,0
0.100070596052959,0.4648686359321,33.367609614497,-0.0371743818513439,0.092833535610632,0,0
0.197599627369673,0.486961350804277,31.6386915429097,0.0975290313167144,0.0220927148721776,0,-0
0.111201704246879,0.43660860629052,35.0851959197664,-0.0863979231227945,-0.0503527445137571,0,0
0.0122268060086349,0.422326816531204,34.700827106545,-0.0989748982382437,-0.0142817897593164,-0,0
-0.0654216698726106,0.485340419771454,33.875790800327,-0.0776484758812455,0.0630136032402499,0,-0
0.0117355426069829,0.421726234542223,37.0096243207453,0.0771572124795935,-0.0636141852292306,-0,-0
0.109125040659883,0.399026329938808,37.4701166662692,0.0973894980529001,-0.0226999046034154,0,-0
0.0978591776597239,0.498389705137427,39.3828064812602,-0.0112658630001591,0.0993633751986196,-0,-0
0.100888181873371,0.398435589997161,42.4417954992969,0.00302900421364754,-0.0999541151402668,0,-0
0.196471687716611,0.369045227448949,43.6839888673568,0.0955835058432399,-0.0293903625482116,-0,-0
0.0997107359555326,0.34380006525319,47.3791029141857,-0.0967609517610788,-0.025245162195759,0,0
0.148989105921938,0.256784881213541,42.9267867856027,0.0492783699664058,-0.0870151840396493,0,0
0.200228344234189,0.342660025796711,45.015125109367,0.0512392383122504,0.0858751445831704,0,0
0.115854886800373,0.288983963341795,47.690482873555,-0.0843734574338157,-0.0536760624549164,0,0
0.143272961893779,0.385151781026155,51.5585410806676,0.0274180750934059,0.0961678176843603,0,-0
0.196421777164474,0.300445208463446,55.538227869468,0.0531488152706952,-0.0847065725627092,-0,-0
0.1620667985594,0.394358655024867,52.186972929643,-0.0343549786050745,0.093913446561421,-0,0
0.201122122687887,0.302300620844146,49.0959186169142,0.0390553241284875,-0.0920580341807209,-0,-0
0.102562882966161,0.28538683163311,53.5770300040138,-0.0985592397217259,-0.0169137892110364,0,-0
0.0857728959899338,0.186806426189948,48.5259872226536,-0.0167899869762275,-0.0985804054431615,0,-0
0.0698017934770784,0.285522807224323,51.9966766978064,-0.0159711025128553,0.0987163810343748,-0,-0
0.0243896983635934,0.3746168116096,58.5908494039353,-0.045412095113485,0.0890940043852772,0,-0
0.124386849666924,0.373862006191756,56.5411196387633,0.0999971513033306,-0.000754805417844053,-0,-0
0.223748760836139,0.362583238138414,50.152454267729,0.0993619111692147,-0.0112787680533417,-0,0
0.133165956117807,0.320218683504138,47.5613558999456,-0.0905828047183319,-0.0423645546342759,-0,0
0.230463735084901,0.297128811090664,50.0324811915353,0.0972977789670939,-0.0230898724134748,0,0
0.241384080479114,0.197726869175673,48.8041078067398,0.0109203453942134,-0.0994019419149902,0,-0
0.177397629340411,0.274575643210621,52.5306007314178,-0.0639864511387031,0.0768487740349471,0,-0
0.161757125010147,0.175806343201483,54.8208215935549,-0.0156405043302641,-0.0987693000091374,0,0
0.24607007302599,0.229577402302804,50.8332018376629,0.084312948015843,0.0537710591013211,0,0
0.184245442979219,0.150978960081727,60.5945472191533,-0.0618246300467705,-0.0785984422210769,0,0
0.108443334320052,0.0857559555294696,47.8344124613837,-0.0758021086591671,-0.0652230045522577,-0,0
0.191895047630389,0.0306577564158013,49.6819419582818,0.0834517133103363,-0.0550981991136683,0,-0
0.254024155733554,-0.0477002293055351,43.0818901225496,0.0621291081031656,-0.0783579857213364,0,-0
0.276772226469183,-0.145078488058744,42.6409906009377,0.0227480707356284,-0.0973782587532086,-0,-0
0.359783454339621,-0.0893188606618346,44.5737844608486,0.0830112278704385,0.0557596273969091,0,-0
0.443534666559421,-0.0346769861358438,38.2771940232075,0.0837512122197994,0.0546418745259907,-0,-0
0.346520230516172,-0.0104241677592022,46.8789188109981,-0.0970144360432489,0.0242528183766417,0,-0
0.266359313181885,-0.0702090097521825,47.7647041413458,-0.0801609173342869,-0.0597848419929804,-0,0
0.230449185312925,-0.163538869477969,54.6105666745198,-0.0359101278689599,-0.0933298597257863,-0,0
0.23468648392855,-0.263449055647558,55.0202571141374,0.00423729861562526,-0.0999101861695894,-0,0
0.250688958564369,-0.164737755354583,57.9587483690824,0.0160024746358189,0.0987113002929754,-0,-0
0.155189603495793,-0.194400411700331,59.991418706721,-0.0954993550685764,-0.0296626563457485,-0,0
0.0691448867430077,-0.245354378365676,60.2249101305261,-0.0860447167527849,-0.0509539666653442,-0,-0
-0.0232863111687638,-0.283518152453086,60.0818279165458,-0.0924311979117715,-0.0381637740874107,0,0
-0.0785977457591383,-0.366828687222434,60.6749588881353,-0.0553114345903745,-0.0833105347693479,0,0
0.00805553265464411,-0.31691667123286,57.0712508859817,0.0866532784137824,0.0499120159895742,-0,0
0.0340015989831327,-0.220341303555187,51.5738150852382,0.0259460663284885,0.0965753676776727,-0,-0
-0.0634087763667377,-0.197731155961742,53.1790014646284,-0.0974103753498703,0.0226101475934452,-0,0
-0.163163192214993,-0.190727120069956,53.3369773597189,-0.099754415848255,0.00700403589178568,0,-0
-0.078865975950867,-0.244522838580998,55.9806558823378,0.0842972162641257,-0.0537957185110416,-0,0
0.0199955077092822,-0.229476010060872,56.699709698441,0.0988614836601491,0.0150468285201257,-0,0
-0.0698968961885749,-0.185665557866624,59.2367714385566,-0.089892403897857,0.0438104521942486,0,-0
0.0127557273268425,-0.129375737952019,69.712926490986,0.0826526235154174,0.0562898199146051,-0,-0
-0.0642053378701867,-0.0655243914999773,65.2808805533523,-0.0769610651970292,0.0638513464520414,-0,-0
-0.0325899664845067,0.0293464063892865,64.0809769010092,0.0316153713856799,0.0948707978892638,0,0
0.0671905256293703,0.0359685958695515,69.1813087704562,0.099780492113877,0.00662218948026508,-0,0
0.13763409839852,-0.0350081824140358,68.3258698742949,0.0704435727691496,-0.0709767782835874,-0,0
0.0417429163459107,-0.00663775406772141,78.2521614185677,-0.0958911820526092,0.0283704283463144,0,0
0.105967477337922,-0.0832876449051085,74.5248517395548,0.0642245609920118,-0.0766498908373871,0,-0
0.138568833322923,0.0112488643806658,76.6369363468881,0.0326013559850001,0.0945365092857743,-0,0
0.22728504776833,-0.0348969186821078,74.918585936957,0.0887162144454069,-0.0461457830627737,0,0
0.262750541876385,0.0586028071339153,76.6064750195764,0.0354654941080553,0.0934997258160231,-0,0
0.197724991134046,0.134574365961252,71.3937554139467,-0.0650255507423391,0.0759715588273367,0,-0
0.120611229474564,0.0709075161669932,66.6636160017263,-0.0771137616594813,-0.0636668497942588,0,-0
0.0322758038627698,0.117778110167743,65.4856204565608,-0.0883354256117946,0.0468705940007497,-0,-0
-0.0403090216586162,0.186563596311478,65.2149161810955,-0.072584825521386,0.0687854861437349,0,-0
-0.0597645718735158,0.284652747423288,64.5984536713754,-0.0194555502148996,0.0980891511118101,0,0
0.00503296988315294,0.360818872323356,63.697726091313,0.0647975417566687,0.0761661249000681,-0,0
-0.0944983528579858,0.351148515897697,66.070300649307,-0.0995313227411387,-0.00967035642565881,-0,-0
0.00356259433250544,0.331551305991599,68.9177897055222,0.0980609471904912,-0.0195972099060986,0,0
0.101320148465051,0.35260981044995,63.0440264578514,0.0977575541325457,0.0210585044583512,0,0
0.0401983575186641,0.273463574459183,66.8866435648224,-0.0611217909463871,-0.0791462359907668,0,0
-0.00997806001430058,0.186963128659421,60.7354196744457,-0.0501764175329646,-0.0865004457997622,0,-0
-0.088244289360186,0.124718471507363,60.3621252110781,-0.0782662293458854,-0.0622446571520582,0,-0
-0.171697936211995,0.0696232010466994,60.2737658237846,-0.0834536468518086,-0.0550952704606631,0,0
-0.228823750371762,0.151700246294343,58.7275020091552,-0.0571258141597672,0.0820770452476436,0,0
-0.314106087878462,0.0994802988662452,53.9565030815453,-0.0852823375067,-0.0522199474280979,-0,0
-0.217915551768236,0.126818564407923,56.8255756674924,0.0961905361102262,0.0273382655416776,-0,-0
-0.182027858520393,0.220157053110862,57.7523996968834,0.0358876932478424,0.0933384887029395,-0,-0
-0.255628044954722,0.152459102205152,60.4339113485972,-0.0736001864343291,-0.0676979509057106,0,0
-0.15635234281614,0.164473050968629,56.6690981511288,0.0992757021385824,0.0120139487634774,-0,-0
-0.0571987798119074,0.151489563626405,56.4184653229315,0.0991535630042325,-0.0129834873422244,-0,0
0.0186402302204045,0.086309470366891,55.8387110656001,0.0758390100323119,-0.0651800932595137,0,0
-0.0790944869027271,0.107473710699618,53.1938199853872,-0.0977347171231316,0.0211642403327274,0,-0
-0.0109009099478059,0.180614917020633,51.085872784187,0.0681935769549212,0.0731412063210147,-0,-0
0.0853911343407152,0.207593467884931,50.5386527310908,0.0962920442885211,0.0269785508642977,-0,0
0.151257776182094,0.282836975860965,57.4004190628477,0.0658666418413791,0.075243507976034,-0,0
0.114860892296872,0.375978088391606,58.4919895590915,-0.0363968838852223,0.0931411125306416,0,0
0.10907886746676,0.475810789391148,58.177316605538,-0.00578202483011227,0.0998327009995421,-0,-0
0.00913306171930645,0.479102584265125,59.6573365216315,-0.0999458057474533,0.00329179487397665,-0,-0
0.108803422106586,0.487215491282331,56.6298860970145,0.0996703603872795,0.00811290701720544,0,0
0.0917125306668492,0.585744174566921,58.291216173981,-0.0170908914397368,0.0985286832845905,-0,-0
0.136646573999695,0.496408113820087,55.4438983413078,0.0449340433328459,-0.0893360607468335,-0,0
0.218343497153639,0.554076239740552,57.1633283438718,0.0816969231539439,0.0576681259204649,-0,-0
0.3183213942202,0.551973836794367,56.5276421860417,0.099977897066561,-0.00210240294618543,0,-0
0.315485834480161,0.452014046873816,54.9495120392068,-0.00283555974003942,-0.0999597899205509,0,0
0.301747208872931,0.352962291884697,54.840049275142,-0.0137386256072296,-0.0990517549891186,0,0
0.271636025180644,0.257603408624409,48.3888277408918,-0.0301111836922866,-0.0953588832602887,0,0
0.294126716008861,0.16016538305908,36.3551630119944,0.022490690828217,-0.0974380255653282,-0,-0
0.373080482169424,0.0987951719704483,30.7551854813745,0.0789537661605622,-0.0613702110886321,-0,0
0.288305586013074,0.151834939896789,27.7152642855011,-0.0847748961563498,0.053039767926341,0,-0
0.208846941600604,0.212550043685984,27.6218636894244,-0.0794586444124698,0.0607151037891947,0,-0
0.189099906247136,0.310580929608477,20.6191290366078,-0.0197470353534682,0.0980308859224932,-0,-0
0.287553217403695,0.293061068812519,12.3902631217497,0.098453311156559,-0.0175198607959586,-0,0
0.386595874531527,0.27925700893657,12.4278878145054,0.0990426571278317,-0.0138040598759485,0,-0
0.322503580808446,0.356017531898014,8.54968165618217,-0.0640922937230805,0.0767605229614441,-0,-0
0.282121228566826,0.447501222397653,8.26967410195283,-0.0403823522416206,0.0914836904996387,0,-0
0.217949656552093,0.370806963517617,10.2988410191632,-0.0641715720147325,-0.0766942588800361,-0,0
0.22231992625724,0.470711421589838,7.81026501346869,0.00437026970514734,0.0999044580722215,-0,-0
0.187240014307997,0.564356495019428,8.21240595058047,-0.0350799119492435,0.0936450734295901,-0,-0
0.104166857334416,0.50868917435063,3.73196840009666,-0.0830731569735806,-0.0556673206687984,0,0
0.202808650597413,0.492263687391025,6.1181827336203,0.098641793262997,-0.0164254869596053,-0,-0
0.233442984147976,0.397071578432809,5.02373827351719,0.0306343335505629,-0.0951921089582159,-0,-0
0.148234894228817,0.449412589240095,2.59074450528538,-0.0852080899191596,0.0523410108072858,0,-0
0.214144328174253,0.374206562108008,-0.85118244166605,0.0659094339454366,-0.0752060271320865,-0,-0
0.164229790723466,0.460858388119201,-4.18977676049708,-0.0499145374507868,0.0866518260111926,0,-0
0.0674198628663184,0.485915081202962,-9.67804378386315,-0.096809927857148,0.0250566930837611,-0,0
0.100744993061386,0.580198885207053,-5.05213888375649,0.0333251301950672,0.0942838040040909,0,-0
0.174898237700277,0.647290585957032,0.735444735121506,0.0741532446388914,0.0670917007499789,-0,0
0.0757821449768109,0.634024080643526,3.27464997266885,-0.0991160927234661,-0.0132665053135054,0,-0
0.138128672285183,0.555838976355136,11.6687413402452,0.0623465273083716,-0.0781851042883903,0,-0
0.159824669239468,0.458220926199646,11.2142734651679,0.0216959969542853,-0.0976180501554894,-0,0
0.0643657795001322,0.428428303459556,9.72729745130424,-0.0954588897393357,-0.0297926227400905,0,0
0.160305089862584,0.456635549464388,12.8523242178775,0.0959393103624521,0.0282072460048316,-0,-0
0.257763988609532,0.479035617656967,19.0754734628202,0.0974588987469477,0.0224000681925791,0,0
0.216985261450268,0.387727921315035,16.8587302233346,-0.0407787271592639,-0.0913076963419312,0,0
0.229691402104789,0.486917406592798,20.2929464411601,0.0127061406545207,0.0991894852777629,0,0
0.29169276805327,0.565376508171407,13.4684068283834,0.0620013659484815,0.0784591015786089,0,0
0.391158953467375,0.555057692388241,6.17981314524581,0.0994661854141048,-0.0103188157831667,0,-0
0.320806644867587,0.626124932905093,8.63432444377259,-0.070352308599788,0.0710672405168527,-0,-0
0.315288982841901,0.526277271912107,10.9403696317179,-0.00551766202568571,-0.0998476609929863,0,0
0.218189631984514,0.502366687162377,9.66622284372372,-0.0970993508573873,-0.0239105847497297,0,-0
0.125970729796308,0.541040632903691,9.0276846559939,-0.0922189021882063,0.0386739457413133,0,0
0.216700523261496,0.498991797274576,5.84920180069928,0.090729793465188,-0.0420488356291151,-0,-0
0.225458973590187,0.399376087931923,4.80008584943618,0.008758450328691,-0.0996157093426526,-0,0
0.274978086412955,0.312497681723902,11.5136291004969,0.0495191128227685,-0.0868784062080211,-0,-0
0.193574419296461,0.254416333771337,3.76132030399798,-0.0814036671164945,-0.0580813479525652,-0,-0
0.248335925717779,0.33808937252617,7.27447036726633,0.0547615064213187,0.0836730387548335,0,-0
0.228394252614781,0.24009789496892,10.7948116270447,-0.0199416731029985,-0.0979914775572506,0,0
0.142191905290843,0.290784730694215,15.1764152714964,-0.0862023473239384,0.0506868357252955,0,0
0.0441125099373103,0.271280059277205,15.9042683468207,-0.0980793953535323,-0.0195046714170096,-0,-0
-0.0191753918313263,0.348705129440063,14.8224329838903,-0.0632879017686366,0.0774250701628574,0,-0
-0.0601215478755263,0.257472392414344,16.8568957931769,-0.0409461560441999,-0.0912327370257192,0,-0
-0.0541908180441793,0.357296369712724,14.0778248202182,0.00593072983134698,0.0998239772983804,-0,-0
-0.0333774510429161,0.455106408839957,13.927500487097,0.0208133670012632,0.0978100391272324,-0,-0
0.0224701034566706,0.372154310274485,17.8713065020106,0.0558475544995868,-0.0829520985654714,0,-0
-0.0746548851314008,0.395960540378536,21.7507782705297,-0.0971249885880714,0.0238062301040504,0,-0
0.0235632355838347,0.377166904137312,24.9436805824846,0.0982181207152356,-0.0187936362412232,0,0
-0.0386129330128631,0.29884625514463,22.8909548764868,-0.0621761685966978,-0.0783206489926827,0,0
-0.128973953644976,0.34168182389681,27.8316616063012,-0.0903610206321134,0.0428355687521804,-0,0
-0.198563845140901,0.269867848922677,29.075459339143,-0.0695898914959248,-0.0718139749741331,0,-0
-0.15340934641455,0.359092684281292,26.2350414072336,0.0451544987263517,0.0892248353586148,0,0
-0.0902897946034417,0.281530308227145,24.2450385120476,0.0631195518111079,-0.0775623760541466,-0,-0
-0.11375643191416,0.378737905323911,26.9404128986627,-0.0234666373107183,0.0972075970967661,-0,-0
-0.0535220179415307,0.298914253607306,30.4915647235846,0.0602344139726293,-0.0798236517166054,-0,0
0.0423276563562175,0.27040390571368,18.5604415354866,0.0958496742977482,-0.0285103478936261,-0,-0
-0.0300094882918227,0.339449814384422,21.2290250658048,-0.0723371446480401,0.0690459086707425,-0,0
0.00276497329235575,0.433926449950403,26.3696222120734,0.0327744615841784,0.0944766355659812,-0,-0
-0.0696899319154241,0.365004126198721,29.0347503243009,-0.0724549052077799,-0.0689223237516818,-0,0
0.0303047984990445,0.36397753507381,25.1224751371418,0.0999947304144686,-0.00102659112491173,-0,-0
-0.035693954533001,0.439105190422656,27.4243397182739,-0.0659987530320455,0.0751276553488465,0,-0
-0.109405196061482,0.506682204801289,27.5323248679799,-0.0737112415284812,0.0675770143786326,0,-0
-0.0538683844037322,0.423521742134877,24.1507504608291,0.05553681165775,-0.0831604626664114,-0,0
0.0274479039844296,0.48172536094654,25.7539717167558,0.0813162883881618,0.0582036188116624,-0,-0
-0.0659195883186073,0.44591319288815,28.640589248813,-0.0933674923030369,-0.0358121680583897,0,-0
-0.039567601028009,0.349447796160431,23.8286141412863,0.0263519872905983,-0.0964653967277186,-0,-0
-0.105662112043505,0.424491221013129,27.4256150366687,-0.0660945110154956,0.075043424852698,-0,0
-0.196547544544626,0.382779853748509,28.7046010927091,-0.0908854325011215,-0.0417113672646208,-0,0
-0.29427591789024,0.361586339570339,28.4878885411755,-0.0977283733456141,-0.0211935141781694,0,-0
-0.27638925193496,0.263199007148913,23.7417793152347,0.0178866659552802,-0.0983873324214262,-0,0
-0.200702506454354,0.197842166967078,24.4204516346565,0.0756867454806064,-0.0653568401818349,0,-0
-0.299500816032839,0.182385970008129,22.146332654878,-0.098798309578485,-0.0154561969589493,-0,-0
-0.243626952368122,0.0994515901697493,24.1548090039991,0.0558738636647171,-0.0829343798383795,-0,-0
-0.165545023539395,0.161927284566736,32.0907467467226,0.0780819288287266,0.0624756943969867,0,-0
-0.0814219952417484,0.215994983889283,38.2703535101813,0.0841230282976466,0.054067699322547,0,0
-0.0784849352291869,0.116038124802562,29.8745050335393,0.00293706001256152,-0.0999568590867211,-0,0
-0.10291027251854,0.0190669801341538,29.5983805390289,-0.0244253372893535,-0.096971144668408,0,0
-0.0411599943372226,0.0977238497930074,32.3211589565386,0.0617502781813177,0.0786568696588535,0,0
0.0477766866951111,0.0520044144623635,30.9410885611418,0.0889366810323337,-0.0457194353306439,0,0
-0.0116106778641501,-0.0284514177109812,22.9260799439076,-0.0593873645592612,-0.0804558321733447,0,0
-0.111519170924104,-0.0327284510857877,28.3171172667745,-0.0999084930599536,-0.00427703337480648,0,-0
-0.144790793898961,-0.127031150435377,23.2227624539933,-0.0332716229748573,-0.0943026993495889,-0,0
-0.0575687835193646,-0.0781197928040289,19.3606291001403,0.0872220103795963,0.0489113576313477,0,0
0.0159589846867142,-0.0103431943158107,19.5942759563731,0.0735277682060788,0.0677765984882182,0,0
0.0789714366637005,0.0673062158290707,19.7386386856885,0.0630124519769863,0.0776494101448814,-0,0
0.0257380595896256,-0.017347239890642,16.7174045591502,-0.0532333770740748,-0.0846534557197127,-0,-0
0.0715716884228661,0.0715306452550833,19.9442298626392,0.0458336288332405,0.0888778851457254,0,0
0.0390875570989928,-0.0230462082141105,23.2311009647142,-0.0324841313238733,-0.0945768534691938,-0,0
0.128705319184127,-0.0674157554154541,24.6730231511655,0.0896177620851343,-0.0443695472013436,0,0
0.222668797653682,-0.10163365590484,24.7835063161674,0.0939634784695549,-0.0342179004893857,0,0
0.179752051128052,-0.191956149601896,23.1183740628319,-0.0429167465256302,-0.0903224936970565,-0,-0
0.248250944933021,-0.264811496334278,24.3165334172202,0.0684988938049689,-0.0728553467323819,-0,0
0.162300057049086,-0.315923577802003,28.8108221853081,-0.0859508878839345,-0.0511120814677247,-0,0
0.152997388348523,-0.216357216238232,33.0798842498624,-0.00930266870056282,0.099566361563771,0,0
0.0585342860862002,-0.249170663344226,34.891847209707,-0.0944631022623232,-0.032813447105994,0,0
0.158287165783419,-0.256196543510601,43.911980416737,0.0997528796972184,-0.00702588016637549,0,0
0.146487494667586,-0.355497942098729,42.2932285666001,-0.0117996711158326,-0.0993013985881276,0,-0
0.0483296420617094,-0.336392027522269,40.6484634402568,-0.0981578526058767,0.01910591457646,0,-0
0.124834175035988,-0.271994384441272,38.3987964520137,0.0765045329742789,0.0643976430809969,0,0
0.216843473729106,-0.311164385130583,37.2966333285806,0.0920092986931178,-0.039170000689311,0,0
0.188863967772449,-0.407170360186417,29.5615495728688,-0.0279795059566571,-0.0960059750558339,-0,0
0.245674572781821,-0.324874824715353,26.0993349339316,0.0568106050093722,0.0822955354710636,0,0
0.236528948579808,-0.225293915109367,20.5119364663552,-0.00914562420201318,0.099580909605986,0,-0
0.165848836743692,-0.296035146303304,22.7769789176632,-0.0706801118361165,-0.0707412311939371,-0,-0
0.0660309057148009,-0.290003509285742,28.2139808796544,-0.0998179310288907,0.00603163701756249,-0,-0
-0.00828224838519341,-0.223088973288617,21.2580904361698,-0.0743131540999943,0.0669145359971247,0,-0
-0.0420045351043585,-0.128946488838554,14.4811323490525,-0.033722286719165,0.0941424844500634,0,0
0.0425488429523464,-0.0755542959710574,13.129602828826,0.0845533780567049,0.0533921928674964,-0,0
0.107803681592644,-0.151329001737749,11.7065169841115,0.0652548386402979,-0.0757747057666916,0,0
0.138631021581936,-0.0561992213890874,7.54060413091543,0.0308273399892919,0.0951297803486616,-0,0
0.175271655051475,-0.149244715524757,11.3707180901445,0.0366406334695384,-0.0930454941356697,-0,0
0.252460667805646,-0.0856691202854173,13.2553580922099,0.0771890127541714,0.0635755952393398,0,0
0.280553026269448,-0.181642134179643,4.99714529209015,0.0280923584638017,-0.0959730138942259,0,0
0.250028160054363,-0.0864148663276713,14.4473664844528,-0.0305248662150845,0.0952272678519719,0,0
0.235393537470279,-0.185338209487016,10.8487005737781,-0.0146346225840844,-0.0989233431593444,0,-0
0.242361130530391,-0.28509517739878,4.78212141087115,0.00696759306011236,-0.0997569679117638,-0,-0
0.142921612878096,-0.295667893657099,15.813888401802,-0.0994395176522949,-0.0105727162583195,0,-0
0.239896394868133,-0.32007878585679,18.6029552114339,0.0969747819900363,-0.0244108921996911,0,-0
0.147984390933704,-0.280681025352446,15.3030080452583,-0.0919120039344283,0.039397760504344,0,-0
0.235724913100237,-0.328656026863068,12.0660008379979,0.087740522166533,-0.0479750015106215,-0,0
0.194800496881829,-0.237413535899797,14.5587924657129,-0.0409244162184087,0.0912424909632702,-0,0
0.117598963496233,-0.300973926418679,22.6799390885823,-0.0772015333855955,-0.063560390518882,0,0
0.0218762130196501,-0.329907558081466,22.2846820009338,-0.095722750476583,-0.0289336316627869,-0,-0
0.0487189476414651,-0.233577564839368,20.148592158288,0.0268427346218151,0.0963299932420989,-0,-0
0.0632077753899053,-0.332522366979126,23.7073449595126,0.0144888277484401,-0.0989448021397589,0,0
-0.00435754261037595,-0.406244329809214,22.8200945544081,-0.0675653180002812,-0.073721962830088,0,0
-0.0122996529153487,-0.50592844531366,23.4824400667485,-0.00794211030497271,-0.0996841155044456,-0,0
0.0871430789711024,-0.51647088691698,25.0271205428977,0.0994427318864511,-0.0105424416033198,0,-0
0.163308994206844,-0.581268675122303,18.1446293785838,0.0761659152357412,-0.0647977882053229,0,-0
0.256786021864273,-0.545743398201043,12.9295550755816,0.0934770276574295,0.0355252769212594,0,0
0.19697847508282,-0.625887377063989,16.6376619871907,-0.0598075467814534,-0.0801439788629455,-0,-0
0.294812246714962,-0.646588901844301,18.6410327922649,0.0978337716321421,-0.0207015247803121,0,-0
0.388601001042934,-0.611894960563333,19.2038617700184,0.0937887543279724,0.0346939412809678,-0,-0
0.485115690136259,-0.638065837301012,18.5847636685911,0.0965146890933251,-0.0261708767376791,-0,-0
0.533326671539744,-0.725676916920618,17.7818208748952,0.0482109814034848,-0.0876110796196054,0,-0
0.531895264519737,-0.825666671765517,17.2644450356909,-0.0014314070200073,-0.0999897548448994,0,-0
0.515213505645613,-0.727067894283919,14.3047680852746,-0.0166817588741238,0.0985987774815976,0,0
0.442481208853336,-0.795697428766678,10.1811611426953,-0.0727322967922769,-0.0686295344827585,0,0
0.471456030289583,-0.699987138187568,7.56001787730684,0.0289748214362469,0.0957102905791097,-0,0
0.372050137423168,-0.710871460097121,15.8170225490307,-0.0994058928664152,-0.010884321909553,0,-0
0.471249377375328,-0.723501218325754,18.7229201422186,0.0991992399521604,-0.0126297582286323,0,-0
0.378735946963803,-0.685537219675824,15.318556149844,-0.0925134304115253,0.0379639986499298,-0,0
0.370364132889594,-0.785186167131915,17.1949433513436,-0.00837181407420896,-0.0996489474560915,-0,-0
0.465030437396046,-0.817408687068935,12.2382914927766,0.0946663045064524,-0.0322225199370195,0,-0
0.438258226682587,-0.7210590698745,14.4081949983183,-0.0267722107134594,0.0963496171944348,-0,-0
0.354336019069938,-0.775437954282141,16.2829085179327,-0.0839222076126486,-0.0543788844076404,0,-0
0.277418403585852,-0.839341635148287,16.4012086435278,-0.076917615484086,-0.0639036808661465,-0,0
0.367279224023541,-0.79546643770981,13.0205799732027,0.0898608204376891,0.0438751974384776,0,0
0.286644684617657,-0.73632194468805,15.0751136528254,-0.0806345394058842,0.0591444930217591,-0,0
0.35541623008556,-0.808919978641844,11.7539117888565,0.0687715454679028,-0.0725980339537937,0,0
0.448470413326325,-0.772301418028488,6.658091894345,0.0930541832407653,0.0366185606133565,0,0
0.360880455112983,-0.724052073782323,2.63809344404552,-0.0875899582133425,0.0482493442461648,0,-0
0.268939306526594,-0.763381772441423,9.82899278993182,-0.0919411485863886,-0.0393296986591,0,0
0.216523872749821,-0.848544101566411,16.7270377857985,-0.0524154337767729,-0.0851623291249877,0,0
0.221271167510774,-0.94843135396857,17.3262503919397,0.00474729476095272,-0.0998872524021591,0,0
0.269936102876565,-1.03579109335602,17.7870097737795,0.0486649353657911,-0.0873597393874511,0,-0
0.177494694614218,-1.07393012898193,16.0992631391711,-0.0924414082623472,-0.038139035625905,0,-0
0.116451144414982,-0.994723532166551,14.7937772461172,-0.0610435501992359,0.079206596815375,-0,-0
0.14044099402054,-0.897643734495239,20.1780909558727,0.0239898496055575,0.0970797976713113,-0,-0
0.108248492350282,-0.992320251310184,16.9509975516362,-0.0321925016702579,-0.0946765168149444,-0,0
0.016389700752531,-0.952798581226532,15.3016595223859,-0.0918587915977506,0.0395216700836518,-0,0
-0.0813465043407426,-0.973955949067678,15.9211480763104,-0.0977362050932736,-0.0211573678411462,0,-0
0.00231689527525793,-0.91917971731801,13.1460578777415,0.0836633996160005,0.0547762317496686,-0,0
0.100216296661331,-0.898790818175377,6.48851403289865,0.0978994013860736,0.0203888991426329,0,0
0.198170447030941,-0.878666593336445,12.7689965640478,0.0979541503696097,0.020124224838932,0,-0
0.201529044208337,-0.978610176547174,11.0291665768062,0.00335859717739606,-0.0999435832107294,-0,-0
0.262410129902717,-0.899278635501549,13.4826061676182,0.0608810856943796,0.0793315410456245,0,-0
0.22861931572428,-0.993396544940499,10.6508808725175,-0.0337908141784364,-0.0941179094389499,0,-0
0.324545266895796,-0.965143900960864,12.8527974455331,0.0959259511715154,0.0282526439796358,0,0
0.238409882542771,-0.914343354090218,8.89191033305855,-0.0861353843530249,0.0508005468706457,-0,-0
0.246058074340942,-0.814636257240403,7.77742495574636,0.00764819179817111,0.099707096849815,0,-0
0.340082235164267,-0.780585454291434,6.63064246990572,0.0940241608233251,0.0340508029489688,-0,-0
0.301922058519029,-0.688152771119278,8.24551021241108,-0.0381601766452385,0.0924326831721561,-0,-0
0.264975875675833,-0.781077361908354,10.6171444823042,-0.0369461828431955,-0.0929245907890757,-0,-0
0.183706515993299,-0.72280823477579,8.8027416412439,-0.0812693596825345,0.0582691271325634,-0,-0
0.249390974343707,-0.64740563580723,7.13735529920738,0.0656844583504082,0.0754025989685601,0,-0
0.318100207738945,-0.574748624815595,0.813316793208547,0.0687092333952386,0.0726570109916355,-0,-0
0.21874004207845,-0.563454490058168,3.02840980865403,-0.0993601656604953,0.0112941347574272,-0,-0
0.296172119002361,-0.626733818936164,5.59802998443,0.0774320769239105,-0.0632793288779962,0,0
0.377778120589889,-0.684530536013315,-0.616235457725256,0.0816060015875285,-0.0577967170771515,0,0
0.33215227852742,-0.773515268052529,4.23860307977664,-0.0456258420624688,-0.0889847320392136,-0,0
0.290294346611558,-0.682697243763696,8.28586207311692,-0.0418579319158626,0.0908180242888327,0,0
0.2064250241788,-0.628236829197976,15.1320462150185,-0.0838693224327581,0.0544604145657198,0,0
0.29780575184309,-0.587622021411347,19.2677907695179,0.0913807276642899,0.0406148077866297,-0,-0
0.213010740136975,-0.534614418279722,15.1492730402733,-0.084795011706115,0.0530076031316246,0,0
0.291612494803408,-0.596434836940208,18.1830999756021,0.0786017546664339,-0.0618204186604858,0,-0
0.276300829865794,-0.497614024775775,20.5740735951826,-0.0153116649376149,0.0988208121644333,0,0
0.323871971635944,-0.585574166150628,24.0577175524562,0.0475711417701503,-0.0879601413748538,-0,0
0.290493031786811,-0.491309398742291,20.7606729293274,-0.0333789398491327,0.0942647674083376,-0,-0
0.234867474613092,-0.574410526226298,16.6888864951337,-0.0556255571737195,-0.0831011274840075,-0,0
0.244881714992401,-0.474913214756966,20.3200417049452,0.0100142403793097,0.0994973114693327,0,0
0.250917466506254,-0.375095532437333,20.3599580256168,0.00603575151385316,0.0998176823196322,-0,-0
0.187625898307465,-0.297673459390056,21.1056656465468,-0.0632915681987891,0.0774220730472778,-0,-0
0.135024599099928,-0.382721112630337,16.7248538321395,-0.0526012992075373,-0.0850476532402814,-0,-0
0.234944457059868,-0.386723859845116,12.5263324458381,0.09991985795994,-0.00400274721477905,0,0
0.270780091518962,-0.293365371731211,20.053845535974,0.0358356344590942,0.0933584881139052,0,0
0.272001216274035,-0.393357915724913,23.5741564529737,0.00122112475507261,-0.0999925439937026,-0,-0
0.354242251133959,-0.450247389137565,24.5275799339727,0.0822410348599241,-0.0568894734126512,-0,-0
0.363631245762801,-0.350689130917266,20.3263238069248,0.00938899462884227,0.0995582582202982,0,-0
0.460988936320097,-0.327853192369666,12.7967628220877,0.0973576905572961,0.0228359385476002,0,-0
0.486153013895219,-0.424635263022206,11.2499495003144,0.0251640775751212,-0.0967820706525402,-0,0
0.386190051592229,-0.421913835527102,3.11437501829401,-0.0999629623029895,0.00272142749510449,-0,-0
0.460322480638174,-0.354799135470051,0.735754937804158,0.0741324290459448,0.0671147000570513,0,0
0.508837060756719,-0.267355808017801,7.34745173608595,0.0485145801185445,0.0874433274522495,-0,-0
0.42983699591786,-0.328666408695466,16.3679495397899,-0.0790000648388588,-0.0613106006776651,-0,-0
0.378427119534794,-0.242893309122943,20.9603088450908,-0.0514098763830653,0.085773099572523,0,-0
0.278430868824357,-0.242027373873959,21.9824891144157,-0.099996250710437,0.000865935248984127,0,0
0.364254183810944,-0.19070137067175,25.6717202622275,0.0858233149865864,0.051326003202209,0,0
0.443811651347596,-0.251286924718524,24.4819004268714,0.0795574675366519,-0.060585554046774,0,-0
0.487183700415046,-0.341391671317639,24.0105626682377,0.0433720490674501,-0.0901047465991149,0,0
0.474039228927752,-0.440524021583936,23.4301187028366,-0.0131444714872943,-0.0991323502662966,-0,-0
0.390934559668252,-0.496144287200607,28.864143307159,-0.0831046692595,-0.0556202656166718,0,-0
0.456527031525453,-0.57162691855155,24.2773519459539,0.0655924718572009,-0.0754826313509426,0,-0
0.524275114785547,-0.498072875735514,25.9592052671659,0.0677480832600946,0.0735540428160363,-0,0
0.623937291662124,-0.489860050385987,25.2149620901098,0.0996621768765773,0.00821282534952652,-0,0
0.662718716882368,-0.397686295673018,32.5884637905971,0.0387814252202433,0.0921737547129696,0,0
0.739810426839544,-0.46137984523558,30.7254099713516,0.0770917099571761,-0.0636935495625628,-0,-0
0.804404369472091,-0.537718711975814,30.5473834529164,0.064593942632547,-0.0763388667402341,0,0
0.826340722398081,-0.635283031377461,36.3494775787334,0.0219363529259898,-0.0975643194016461,-0,-0
0.829129472686427,-0.535321924581721,39.2420170509786,0.00278875028834616,0.0999611067957396,0,-0
0.91303386736119,-0.480915559565653,44.5575698883483,0.0839043946747628,0.0544063650160681,-0,-0
0.943024065710909,-0.576312561630416,42.7160907299238,0.0299901983497194,-0.0953970020647635,0,0
0.96270621170174,-0.67435649631888,55.1759863424322,0.0196821459908311,-0.0980439346884631,-0,-0
1.06079843523194,-0.654916442746413,50.4611287474115,0.0980922235302046,0.0194400535724667,0,-0
1.07664600840947,-0.556180155473785,57.9603174075135,0.0158475731775264,0.0987362872726281,-0,-0
0.981099717648399,-0.585691277475509,59.9898323391115,-0.0955462907610722,-0.0295111220017244,-0,-0
1.04261697153197,-0.506852026625287,57.4568592946872,0.0615172538835716,0.0788392508502218,0,-0
0.977509466641633,-0.430950690622852,52.5452787388415,-0.065107504890338,0.0759013360024356,0,0
1.06329948967127,-0.482332321081354,49.7258551380193,0.0857900230296386,-0.0513816304585021,0,-0
0.977523860455427,-0.533737976729599,53.9469825003678,-0.0857756292158444,-0.0514056556482454,-0,-0
0.880121140980636,-0.511094870959517,59.4618484149192,-0.0974027194747912,0.0226431057700822,-0,-0
0.857398907329325,-0.608479161776338,61.0318322863378,-0.022722233651311,-0.0973842908168213,-0,0
0.823172984339,-0.514518605182306,58.4687843842162,-0.0342259229903246,0.0939605565940324,0,0
0.865277872612222,-0.605222399940295,55.4124728303599,0.0421048882732222,-0.0907037947579895,0,-0
0.773252557637737,-0.644354757444626,60.0923298446113,-0.0920253149744855,-0.0391323575043306,-0,-0
0.700197261778478,-0.712640361688245,60.4419253714427,-0.0730552958592589,-0.0682856042436189,-0,0
0.747070659900806,-0.800974299381895,61.7489137581139,0.0468733981223283,-0.0883339376936504,-0,-0
0.796197813552603,-0.888074946762226,61.7746057453114,0.049127153651797,-0.0871006473803308,-0,-0
0.743136001143087,-0.803313846817633,64.9619790520649,-0.0530618124095166,0.084761099944593,0,-0
0.64471352005504,-0.821006082868316,66.1513043241998,-0.0984224810880468,-0.0176922360506826,-0,-0
0.595043158494849,-0.734214060294349,71.2056313086006,-0.0496703615601913,0.0867920225739663,-0,0
0.512528706372971,-0.677721891004913,65.3731073759677,-0.0825144521218778,0.0564921692894364,0,0
0.413919606905768,-0.661101256171448,65.8064644757607,-0.0986090994672024,0.0166206348334648,-0,-0
0.390349571172249,-0.758283833907998,67.3063028855828,-0.0235700357335196,-0.0971825777365501,-0,-0
0.388758831815312,-0.658296486967006,64.418557463118,-0.00159073935693635,0.099987346940992,-0,0
0.352953025730736,-0.564926554704882,58.4856513197394,-0.0358058060845768,0.0933699322621243,0,0
0.28144332225842,-0.495024034655163,58.9162270024147,-0.0715097034723162,0.0699025200497193,-0,-0
0.323340406601576,-0.585824003397131,61.6933683355512,0.0418970843431562,-0.0907999687419685,0,0
0.410367705096678,-0.536567031132848,63.3468931433733,0.0870272984951024,0.049256972264283,-0,-0
0.387896302554121,-0.439124555447086,58.3461136372462,-0.0224714025425566,0.0974424756857623,-0,-0
0.419345432464499,-0.344198519883179,57.7995433768258,0.0314491299103778,0.0949260355639073,0,0
0.343872012552783,-0.278595449171285,65.2578982583037,-0.0754734199117161,0.0656030707118941,0,-0
0.440908409920534,-0.254430648615766,63.0759169021909,0.0970363973677507,0.0241648005555184,0,0
0.408910199687146,-0.349173007367593,60.9353461486475,-0.0319982102333879,-0.0947423587518271,-0,0
0.421636051652845,-0.249986049093095,64.275044865089,0.0127258519656993,0.0991869582744985,-0,-0
0.518983195122507,-0.272866906994341,62.6009994543332,0.0973471434696621,-0.0228808579012464,-0,0
0.442679458976598,-0.2082314689578,58.9874634807949,-0.0763037361459091,0.0646354380365407,0,0
0.463394842090772,-0.110400630760262,57.9107993081729,0.0207153831141734,0.0978308381975388,0,0
0.44658429547477,-0.0118237291936612,58.2883715601675,-0.016810546616002,0.0985769015666004,0,-0
0.449505159075986,0.0881336044833786,51.8070659934267,0.00292086360121603,0.0999573336770399,0,-0
0.549497145438795,0.0893995678397826,50.2781424291773,0.0999919863628093,0.00126596335640392,0,0
0.454370732043544,0.0585618397367641,47.4373765082256,-0.0951264133952516,-0.0308377281030184,0,-0
0.38026088855257,-0.00857779905987641,47.8599812008665,-0.0741098434909739,-0.0671396387966405,0,-0
0.417133127297695,-0.101531755457237,49.0723203185991,0.036872238745125,-0.0929539563973611,-0,-0
0.476076467439943,-0.0207500579455166,51.2059215178237,0.0589433401422487,0.0807816975117209,-0,-0
0.377915101837687,-0.0398379154235097,59.8823175181137,-0.0981613656022563,-0.0190878574779932,0,0
0.31119793007478,0.0346524798765474,65.1330548572972,-0.066717171762907,0.0744903953000571,0,-0
0.326197285037866,0.133521177403577,70.5352729571742,0.0149993549630856,0.0988686975270301,0,-0
0.245465373207471,0.0745096665585793,66.6046471398375,-0.080731911830395,-0.0590115108449982,-0,-0
0.200738988911556,-0.0149305399920217,60.7973529568439,-0.0447263842959146,-0.089440206550601,0,-0
0.110053520385037,-0.0570748847861418,60.1252968587685,-0.0906854685265193,-0.0421443447941201,-0,0
0.11088211730461,-0.157071451862941,61.269342809015,0.000828596919573006,-0.0999965670767996,0,0
0.209110969027295,-0.138333984338146,56.7371565647767,0.098228851722685,0.0187374675247957,-0,-0
0.182920953392014,-0.0418244869763641,52.1012693428723,-0.0261900156352811,0.0965094973617816,-0,-0
0.0924988706754975,-0.0845310082255537,47.5651344300494,-0.0904220827165163,-0.0427065212491897,-0,-0
0.187507853704829,-0.115728654670955,49.9482098413418,0.0950089830293311,-0.0311976464454015,-0,-0
0.103461607987425,-0.0615416767075197,46.5512295824729,-0.0840462457174034,0.0541869779634356,-0,-0
0.184056831873318,-0.120739733151822,37.0655977920647,0.0805952238858927,-0.0591980564443025,-0,-0
0.279329382634257,-0.0903564964660404,44.2910097682218,0.0952725507609394,0.0303832366857817,-0,-0
0.322371846859105,-9.38448683130005e-05,51.3913156082598,0.0430424642248475,0.0902626515977274,0,0
0.313745599281957,-0.0997210893988015,61.1746869264632,-0.00862624757714817,-0.0996272445304885,-0,0
0.225013656968665,-0.145836622717963,66.452742532825,-0.0887319423132914,-0.0461155333191618,-0,-0
0.140613480298633,-0.199470662077938,72.8227261205323,-0.0844001766700322,-0.053634039359975,-0,-0
0.0418345020517455,-0.215049925747988,78.6962461770055,-0.0987789782468875,-0.0155792636700493,-0,0
-0.00546212086520348,-0.303157981342536,79.6179583376059,-0.047296622916949,-0.0881080555945479,0,-0
-0.103486295945952,-0.322938302364673,85.0221179894868,-0.0980241750807483,-0.0197803210221373,-0,-0
-0.0607306607130638,-0.232539432593905,82.8104174606146,0.042755635232888,0.0903988697707677,-0,-0
0.0142892860363373,-0.166418274182115,88.6870269302409,0.0750199467494011,0.06612115841179,0,-0
-0.0325054945258946,-0.254793884573968,85.9068307546867,-0.0467947805622319,-0.0883756103918528,-0,-0
0.0674033532504331,-0.25906262396711,81.6387086245027,0.0999088477763278,-0.00426873939314261,-0,-0
0.157278106566647,-0.215215973965661,75.8521153846023,0.0898747533162142,0.0438466500014499,-0,-0
0.256804304823321,-0.224938929307183,81.5840255898625,0.0995261982566739,-0.00972295534152214,0,0
0.354607558046069,-0.204093698220744,81.8914012338913,0.097803253222748,0.0208452310864387,-0,0
0.441358904399866,-0.253835068384859,81.1607940521213,0.086751346353797,-0.0497413701641155,-0,-0
0.398682321058133,-0.163398851998524,83.6931188815445,-0.0426765833417331,0.0904362163863356,-0,0
0.487153649135508,-0.116785290578851,82.1663267668897,0.0884713280773745,0.0466135614196724,-0,0
0.585711662202468,-0.0998643550168633,75.5682510877721,0.0985580130669599,0.0169209355619882,-0,0
0.48847925962621,-0.123227999622286,72.4924469980575,-0.097232402576258,-0.0233636446054225,-0,-0
0.388487661704462,-0.121931718381356,78.5268531642748,-0.0999915979217475,0.00129628124092985,-0,0
0.338803644688839,-0.035147512138565,83.7721592654196,-0.0496840170156232,0.0867842062427909,-0,0
0.438690469185679,-0.0399038018624433,87.9170134519658,0.0998868244968401,-0.00475628972387832,0,0
0.338859233049969,-0.0457110638348443,84.8811069572498,-0.0998312361357101,-0.005807261972401,0,-0
0.360535449807796,-0.143333508114158,86.6122945274109,0.0216762167578266,-0.0976224442793138,0,0
0.363363247528037,-0.243293517918346,86.4220797209976,0.0028277977202412,-0.0999600098041882,-0,0
0.28219167312475,-0.301698787448515,85.4467141740696,-0.0811715744032867,-0.0584052695301691,-0,-0
0.223579257586735,-0.220676662415911,83.8784721498886,-0.0586124155380154,0.0810221250326046,0,-0
0.177829905133336,-0.309597957672416,85.9186235830981,-0.0457493524533991,-0.0889212952565057,0,-0
0.27417486520162,-0.336386923114192,81.4102070368473,0.0963449600682847,-0.0267889654417754,-0,0
0.37063998893655,-0.310033936512961,81.9480885919774,0.09646512373493,0.0263529866012307,0,-0
0.470597500854855,-0.312948693981779,81.652257289863,0.0999575119183044,-0.00291475746881783,0,-0
0.521796332040181,-0.398847935452565,80.648110566804,0.0511988311853266,-0.0858992414707861,0,-0
0.583944834748796,-0.477190539513684,87.0644348099139,0.0621485027086151,-0.078342604061119,-0,0
0.547977957722409,-0.570498544298744,79.7426997827389,-0.0359668770263876,-0.0933080047850597,0,0
0.566017854801575,-0.668857896235268,80.2920047283918,0.0180398970791659,-0.0983593519365246,0,0
0.60259532245843,-0.761928239845957,80.4850776895918,0.0365774676568557,-0.0930703436106888,-0,-0
0.524549300406092,-0.699407695688009,77.8644216032254,-0.0780460220523385,0.0625205441579477,-0,-0
0.553116382984727,-0.795240476055405,86.6835043250971,0.0285670825786347,-0.0958327803673955,-0,0
0.565081790524842,-0.695958911692231,76.8490785657067,0.0119654075401151,0.0992815643631735,0,-0
0.661959687248384,-0.720751513944168,75.1476848353812,0.096877896723542,-0.0247926022519366,-0,-0
0.737811846561675,-0.655586723393511,76.1079786238047,0.0758521593132917,0.0651647905506571,-0,0
0.703086278069126,-0.561809674533626,77.3236630999959,-0.0347255684925488,0.0937770488598852,-0,-0
0.612588168211944,-0.604354851842898,78.9792773740237,-0.0904981098571821,-0.0425451773092722,-0,-0
0.712552694121934,-0.607018225566382,81.6547721062942,0.09996452590999,-0.00266337372348449,0,-0
0.663320045651676,-0.694059286707685,79.5958520690025,-0.0492326484702587,-0.0870410611413024,0,-0
0.695076849804828,-0.788882835417793,74.1505910214788,0.0317568041531526,-0.0948235487101085,0,0
0.598454604124372,-0.814653781067219,72.5172818661918,-0.0966222456804558,-0.0257709456494255,0,0
0.585802481099339,-0.913850171036609,73.7005661234983,-0.012652123025034,-0.0991963899693905,0,0
0.681043966865638,-0.944330646574693,68.8053049559758,0.0952414857662998,-0.0304804755380837,-0,-0
0.598517642520587,-0.887855822182798,71.6565028723848,-0.0825263243450513,0.0564748243918952,0,-0
0.500285758606927,-0.86913425753736,72.0683041261213,-0.0982318839136597,0.0187215646454374,-0,0
0.415629813065718,-0.815904840064277,71.695322770523,-0.0846559455412093,0.0532294174730836,0,-0
0.512351325852609,-0.790508994651784,69.3718090794206,0.0967215127868912,0.0253958454124931,-0,-0
0.417000265100136,-0.820644940188271,72.5627491029961,-0.0953510607524732,-0.0301359455364878,-0,0
0.477997704638051,-0.899887052539082,68.2002703308178,0.0609974395379145,-0.0792421123508105,0,0
0.395666790967406,-0.956646374717529,66.5770253264316,-0.082330913670645,-0.0567593221784475,-0,-0
0.424984949204415,-0.861040697074464,64.1050964336059,0.029318158237009,0.0956056776430652,0,-0
0.518021262141888,-0.824376757365256,63.2072473689291,0.0930363129374738,0.036663939709208,-0,-0
0.505747025789877,-0.923620614212796,61.1380040734027,-0.0122742363520119,-0.0992438568475397,-0,-0
0.417875745020876,-0.971355695819676,60.187897806989,-0.0878712807690002,-0.0477350816068804,-0,0
0.51694346129095,-0.957732642085945,56.6853232387349,0.099067716270074,0.013623053733731,0,0
0.488365325436818,-1.053562126855,60.9712350524476,-0.028578135854132,-0.0958294847690562,0,-0
0.39379448174217,-1.08606375024342,60.0212893120894,-0.0945708436946487,-0.0325016233884144,0,0
0.293926344719355,-1.09119748256916,59.7416203183465,-0.0998681370228143,-0.0051337323257445,-0,-0
0.194675430311768,-1.10341451941357,66.0959220643616,-0.0992509144075878,-0.0122170368444101,0,-0
0.141521724704981,-1.0187110154703,64.9630635639471,-0.0531537056067863,0.0847035039432673,-0,0
0.0562629445310265,-0.966452615157538,65.4235668033949,-0.0852587801739549,0.0522584003127654,0,-0
0.142249342674146,-0.915400295578767,63.3676462156721,0.0859863981431192,0.0510523195787712,-0,-0
0.0470803386986698,-0.946106332156545,66.2855483554021,-0.0951690039754758,-0.0307060365777785,0,-0
0.105482164553218,-1.02728038427208,74.4510974625029,0.0584018258545481,-0.0811740521155316,0,0
0.0202311582578359,-0.975009303112178,77.9897886773519,-0.085251006295382,0.052271081159899,0,-0
-0.0786952499398141,-0.960395413790306,72.1099669047097,-0.0989264081976501,0.0146138893218717,-0,-0
-0.146475540355532,-0.886871048909262,71.4306049531031,-0.067780290415718,0.0735243648810442,-0,-0
-0.129777348050514,-0.985467044638016,67.7120098683745,0.0166981923050182,-0.0985959957287548,-0,0
-0.122685546708857,-1.08521525942771,67.6152196459637,0.00709180134165731,-0.0997482147896917,0,-0
-0.116938791423804,-0.985380521967775,70.628335474532,0.00574675528505238,0.0998347374599329,0,0
-0.207069376887142,-1.02869885023695,78.9878379876835,-0.0901305854633382,-0.0433183282691737,0,0
-0.28811720998437,-0.970121988335308,71.630802947114,-0.0810478330972275,0.0585768619016413,0,0
-0.248951315968722,-0.878110941466168,70.2834008240954,0.039165894015648,0.0920110468691397,-0,0
-0.300724749591623,-0.79255679737662,71.2300353058323,-0.0517734336229009,0.0855541440895476,0,0
-0.265442865785145,-0.698987632182812,70.3252527351273,0.0352818838064778,0.0935691651938084,0,0
-0.165536281367526,-0.694666244673554,75.4414510224421,0.099906584417619,0.00432138750925768,-0,0
-0.0680465444163873,-0.672400773890348,75.6227603776808,0.0974897369511386,0.0222654707832061,-0,-0
-0.164386867423363,-0.645595137115378,71.9852560339764,-0.0963403230069754,0.0268056367749704,0,-0
-0.254784902841359,-0.688352536388097,78.9816237133088,-0.0903980354179962,-0.0427573992727189,-0,-0
-0.174838843338103,-0.748424389779696,74.7538241071276,0.0799460595032562,-0.0600718533915995,-0,0
-0.262495725803891,-0.700296737059259,84.3208912385214,-0.0876568824657882,0.0481276527204371,-0,0
-0.338645332574757,-0.63547978411759,84.1178234587531,-0.0761496067708659,0.0648169529416688,-0,-0
-0.406393717353637,-0.561926019021215,77.7133564005873,-0.0677483847788805,0.0735537650963752,-0,-0
-0.31729250323775,-0.516528071456652,75.8694502116027,0.0891012141158874,0.0453979475645628,-0,-0
-0.218665567985211,-0.500013603778537,69.2809430794268,0.0986269352525389,0.0165144676781149,0,-0
-0.317230720592775,-0.516892901496382,66.1430506719008,-0.098565152607564,-0.0168792977178444,-0,0
-0.234070719682641,-0.461355398413991,69.7038522522475,0.0831600009101338,0.0555375030823906,-0,0
-0.292369307053401,-0.542603627382836,66.9218431843535,-0.0582985873707597,-0.0812482289688452,0,0
-0.198022815992009,-0.509456385802237,69.4529021742683,0.0943464910613923,0.0331472415805996,0,0
-0.29655236472009,-0.492370484379113,59.5185589807329,-0.0985295487280811,0.0170859014231236,0,0
-0.198468856741035,-0.511854464016824,62.6357589581869,0.0980835079790545,-0.0194839796377113,0,0
-0.136025119888487,-0.433746975720953,63.7282384029944,0.0624437368525479,0.0781074882958718,0,0
-0.0464561967653993,-0.389278919651788,63.2926706602614,0.089568923123088,0.0444680560691646,-0,-0
0.0455354469439269,-0.350067473776172,56.9515967679538,0.0919916437093262,0.0392114458756163,0,0
0.0983214196849103,-0.265134317224751,57.5633854545746,0.0527859727409834,0.0849331565514208,0,-0
0.0850508268432561,-0.364249862754355,48.5615875716458,-0.0132705928416542,-0.0991155455296042,-0,0
0.178571321559021,-0.399660554192373,49.903523525488,0.0935204947157652,-0.035410691438018,-0,0
0.166820914085438,-0.300353314153166,45.6708696463162,-0.0117504074735838,0.0993072400392074,0,0
0.102518034765483,-0.376937514293686,47.9962395455237,-0.0643028793199549,-0.0765842001405206,-0,-0
0.131015175801646,-0.472791115961882,42.7004774251455,0.0284971410361631,-0.0958536016681952,0,-0
0.135722240420559,-0.572680272243599,42.4585888689842,0.00470706461891333,-0.0998891562817175,0,0
0.219451900206002,-0.518005377893321,44.5607736419698,0.0837296597854425,0.0546748943502779,0,-0
0.145252967489584,-0.58504654721296,41.575467995702,-0.0741989327164179,-0.0670411693196389,0,0
0.226837301006087,-0.527219248082983,38.3157221030538,0.0815843335165038,0.0578272991299774,0,0
0.326706016497264,-0.532341714885446,43.9310500537694,0.099868715491177,-0.00512246680246376,0,-0
0.426607899492773,-0.527912970825136,44.0265990810507,0.0999018829955085,0.00442874406031063,-0,-0
0.525901168619768,-0.516045085332169,50.384441685155,0.0992932691269948,0.011867885492967,0,0
0.539156426457918,-0.416927487804565,45.4201496349034,0.01325525783815,0.0991175975276044,0,0
0.607716209537278,-0.489725538218783,43.1669254232175,0.0685597830793604,-0.0727980504142182,-0,-0
0.518995393544667,-0.443588602802511,46.6443517818194,-0.088720815992611,0.0461369354162721,0,-0
0.493787288707951,-0.346817990266777,45.807923628066,-0.0252081048367158,0.0967706125357339,-0,-0
0.394297452654745,-0.356906227085277,53.5081293852207,-0.0994898360532062,-0.0100882368185003,-0,0
0.402947992768172,-0.456531365257056,55.064485093204,0.00865054011342719,-0.0996251381717786,-0,0
0.457626038783778,-0.540258966942016,49.2732002637837,0.0546780460156053,-0.0837276016849602,-0,-0
0.41463813515457,-0.630547615960406,48.2503273324152,-0.0429879036292075,-0.0902886490183897,-0,0
0.406152175930344,-0.730186907889066,54.8929096663369,-0.00848595922422577,-0.0996392919286603,-0,-0
0.456012691410868,-0.643503985718569,51.314289889662,0.0498605154805233,0.0866829221704973,-0,-0
0.437139251390931,-0.74170680269351,48.5048129053087,-0.0188734400199372,-0.0982028169749414,-0,0
0.456723245239275,-0.839770390150568,48.8918000319947,0.019583993848344,-0.0980635874570578,-0,0
0.466876319051043,-0.74028714989286,51.7345727938135,0.0101530738117684,0.0994832402577076,-0,-0
0.566219419637466,-0.728843882620096,56.6633516667833,0.0993431005864226,0.0114432672727644,-0,0
0.471100688298121,-0.697982467416098,59.3765246972137,-0.095118731339345,0.0308614152039973,0,-0
0.562161897555213,-0.65665625093508,63.2578866211125,0.0910612092570926,0.0413262164810184,-0,0
0.582858064865689,-0.558821345821124,64.1941810299452,0.0206961673104754,0.0978349051139562,0,-0
0.675820429591538,-0.521970311309483,56.9260738474426,0.0929623647258495,0.0368510345116407,0,-0
0.769592594171663,-0.556709067043649,62.4770693577502,0.0937721645801247,-0.0347387557341654,0,0
0.855062104823128,-0.5047960364155,63.3776861591819,0.085469510651465,0.0519130306281487,0,-0
0.897124052569841,-0.414072320928573,57.6853360617673,0.0420619477467125,0.0907237154869267,-0,0
0.83185558627412,-0.338309353012813,52.5474013390947,-0.06526846629572,0.0757629679157599,0,-0
0.796976779814919,-0.244589190507717,58.4757417407145,-0.0348788064592011,0.093720162505096,0,0
0.697500146618236,-0.254806795307889,59.7926150920499,-0.0994766331966835,-0.0102176048001719,-0,-0
0.60739701188399,-0.298182192839927,66.4221006539435,-0.0901031347342459,-0.0433753975320381,-0,-0
0.612722513881102,-0.19832409838345,64.3493691737037,0.00532550199711192,0.0998580944564774,0,-0
0.67313711470616,-0.278011462545837,61.9097504987557,0.0604146008250578,-0.0796873641623873,-0,0
0.76765180926092,-0.31067600774733,56.2159156107283,0.0945146945547603,-0.0326645452014929,0,0
0.855611026287591,-0.358248858618968,56.0528756835728,0.0879592170266704,-0.0475728508716378,-0,0
0.902472156410189,-0.446589305095273,49.1824042668058,0.0468611301225979,-0.0883404464763052,-0,-0
0.974187090427267,-0.516281257564164,49.4943894216359,0.0717149340170782,-0.0696919524688907,-0,0
0.880206252341299,-0.482111064812891,53.0583478779624,-0.0939808380859678,0.0341701927512723,0,0
0.796761373960272,-0.427002514913846,59.1065958807438,-0.0834448783810272,0.0551085498990455,0,0
0.866725357001466,-0.498452085080582,62.0359500278877,0.0699639830411948,-0.0714495701667365,-0,0
0.929844669473494,-0.420889514255096,57.4363735670458,0.0631193124720275,0.0775625708254862,-0,-0
0.918623757829404,-0.520257975760121,61.1486108156376,-0.0112209116440898,-0.0993684615050245,-0,-0
0.944915783238432,-0.616739732584357,61.5271044475488,0.0262920254090278,-0.0964817568242362,-0,-0
1.01976662941395,-0.683052256490546,55.8236813966106,0.074850846175518,-0.0663125239061894,0,0
1.09060069216754,-0.753639334301015,55.7650160493879,0.0708340627535856,-0.0705870778104682,0,-0
1.17867412628545,-0.706278272206962,50.7588682953881,0.0880734341179181,0.047361062094053,0,0
1.07888570795189,-0.712779930955826,59.7553228989308,-0.0997884183335587,-0.00650165874886471,-0,0
1.12193754703751,-0.80303811147896,61.7061237855589,0.0430518390856122,-0.0902581805231335,-0,-0
1.15400503625022,-0.708319179181384,51.5098368619608,0.0320674892127101,0.0947189322975757,0,0
1.14481466268248,-0.807895968814739,42.3194672191991,-0.00919037356773589,-0.0995767896333551,-0,0
1.04488714423656,-0.804089256684854,47.085813482667,-0.0999275184459225,0.00380671212988537,-0,-0
1.1015350029401,-0.886496902594103,36.7305419009573,0.0566478587035363,-0.0824076459092491,-0,0
1.02212719524175,-0.947278479379695,35.210826223525,-0.0794078076983441,-0.0607815767855919,0,0
1.08333055453516,-0.868195302842567,32.3280933617136,0.0612033592934038,0.0790831765371278,-0,0
1.15984478909609,-0.803809187029032,32.1154604800807,0.0765142345609365,0.0643861158135354,-0,0
1.18157326184089,-0.901420013642572,23.7809767740623,0.0217284727447945,-0.0976108266135408,-0,0
1.27438431384809,-0.864189533853617,19.2310470317746,0.0928110520072055,0.0372304797889553,0,-0
1.18276902091692,-0.904272424232632,16.1203847008841,-0.0916152929311687,-0.0400828903790153,0,-0
1.27795181740202,-0.93493567998406,18.5379027837312,0.0951827964850927,-0.0306632557514272,-0,-0
1.17896219871924,-0.920756279678049,9.28250446589811,-0.0989896186827786,0.0141794003060105,0,-0
1.09407466481393,-0.973615589051859,9.98172029246047,-0.0848875339053025,-0.0528593093738096,-0,-0
1.05751270026994,-0.880539154071336,14.511465395513,-0.0365619645439978,0.0930764349805226,0,0
0.976326699118726,-0.822153940043505,8.80131248710687,-0.0811860011512103,0.0583852140278315,-0,-0
1.04282312329015,-0.896841459565938,11.7230202273551,0.0664964241714256,-0.0746875195224332,0,-0
1.00132766986529,-0.987825674378536,10.5676814561925,-0.0414954534248635,-0.090984214812598,-0,-0
1.01028485280372,-1.08742371087428,4.8020810184239,0.00895718293842787,-0.0995980364957439,-0,0
0.912190936186717,-1.06799220237038,15.5124040898217,-0.0980939166169996,0.0194315085038999,0,0
0.91445428784706,-0.968017819455247,7.83134618449061,0.00226335166034285,0.0999743829151329,0,0
0.996521811917252,-1.02515731099121,11.9581660462505,0.0820675240701923,-0.0571394915359632,0,0
1.0905064652331,-1.0593170086055,5.93456974500667,0.0939846533158486,-0.0341596976142903,0,-0
1.18149721881444,-1.10079812193071,12.1386353881762,0.090990753581344,-0.0414811133252126,-0,0
1.19776161121155,-1.00212963891839,20.2569825803659,0.0162643923971103,0.0986684830123217,0,-0
1.27629396133511,-0.940221077442041,13.2339484403197,0.0785323501235569,0.0619085614763506,0,-0
1.36335452245899,-0.989419234895292,18.3351915410627,0.0870605611238812,-0.0491981574532517,0,-0
1.29490867942833,-1.06232442381777,10.2417136890761,-0.0684458430306586,-0.0729051889224796,-0,0
1.20148615094129,-1.02665607410704,2.77687718004735,-0.0934225284870452,0.0356683497107341,0,-0
1.24486218163781,-1.11675890403493,-1.12213437111693,0.04337603069652,-0.0901028299278916,-0,0
1.16803765049451,-1.18077446007104,-8.7300772243455,-0.0768245311432996,-0.0640155560361089,-0,-0
1.08278409613547,-1.12850753487785,-3.69157156694412,-0.0852535543590364,0.052266925193193,0,0
1.1765749072993,-1.16319591537092,-0.354246558568339,0.0937908111638237,-0.0346883804930696,0,-0
1.10843216450626,-1.09000734655964,-3.96267776935073,-0.0681427427930351,0.0731885688112718,0,-0
1.11690930616657,-1.18964738905899,-7.7691083570039,0.00847714166030422,-0.0996400424993443,-0,0
1.19967308950651,-1.13352113702611,-5.68727484456336,0.0827637833399473,0.0561262520328791,-0,-0
1.25613725858039,-1.21605475206142,-13.5371678894422,0.0564641690738801,-0.0825336150353072,0,-0
1.35521857484873,-1.2295785372761,-25.2683947447707,0.0990813162683408,-0.0135237852146888,-0,0
1.33366063796199,-1.32722716940778,-20.6376373593601,-0.0215579368867486,-0.0976486321316739,0,-0
1.23666246694439,-1.35154495753174,-21.7455078346188,-0.0969981710175928,-0.0243177881239602,0,-0
1.31522301264343,-1.41341773554816,-25.7998634839909,0.0785605456990414,-0.0618727780164171,-0,-0
1.37009293048573,-1.32981574923216,-30.4259376813356,0.0548699178422909,0.0836019863159976,0,-0
1.40620726330521,-1.23656471725393,-30.2146238875408,0.0361143328194805,0.0932510319782242,-0,-0
1.48595627915763,-1.1762315218258,-30.7682539466959,0.0797490158524234,0.0603331954281382,0,0
1.43141822102112,-1.26005037540122,-20.9971953482532,-0.0545380581365133,-0.0838188535754236,0,-0
1.36030884875974,-1.18974065220027,-22.7708923356634,-0.071109372261371,0.0703097232009469,0,0
1.32360130319878,-1.2827597690467,-20.7962152858956,-0.036707545560963,-0.0930191168464302,0,0
1.41685096445898,-1.31887764100587,-19.219087553076,0.0932496612601969,-0.0361178719591635,-0,-0
1.51620738638858,-1.33020466273915,-18.9630697602376,0.0993564219296049,-0.0113270217332862,-0,0
1.60700788584282,-1.37210059689584,-12.9986695376902,0.0908004994542363,-0.0418959341566843,-0,0
1.50890490156282,-1.35271491982851,-15.9030552477104,-0.0981029842799968,0.0193856770673276,0,0
1.50418362709505,-1.25282643416875,-10.9483439853944,-0.00472127446777234,0.0998884856597594,-0,-0
1.51577457433636,-1.15350045598555,-11.1117448824995,0.0115909472413045,0.0993259781831989,0,0
1.46603668847442,-1.06674711190024,-10.4749995101317,-0.0497378858619377,0.0867533440853138,-0,-0
1.49788054532937,-0.971952761959952,-11.3196561403844,0.0318438568549566,0.0947943499402841,0,0
1.496435417223,-1.0719423194385,-14.1516187252649,-0.00144512810637655,-0.0999895574785495,0,0
1.57634189494882,-1.0118178251167,-5.63812710953767,0.0799064777258262,0.060124494321799,0,0
1.53386487299119,-1.10234794499738,-8.29268968791975,-0.0424770219576389,-0.0905301198806799,-0,0
1.44968698695942,-1.04836569325458,-9.99500421363432,-0.0841778860317667,0.0539822517427988,0,-0
1.39886160252289,-0.962244962318998,-10.4624182803592,-0.0508253844365247,0.0861207309355853,0,0
1.4096119437136,-0.862824490763672,-17.3864711602049,0.0107503411907034,0.0994204715553264,-0,0
1.43572387018262,-0.766293836067475,-17.5429411075859,0.0261119264690226,0.0965306546961967,0,-0
1.33678762673658,-0.780840991555248,-15.561973687119,-0.0989362434460424,-0.0145471554877723,-0,0
1.25168600099788,-0.833354925864453,-8.87189911865719,-0.0851016257386925,-0.0525139343092051,-0,0
1.1576630025428,-0.86740893827878,-9.07728666335735,-0.0940229984550846,-0.0340540124143272,0,0
1.18639413966499,-0.771625214402195,-5.00380765298574,0.02873113712219,0.0957837238765852,-0,0
1.0864427010174,-0.768509141187844,-9.45594373791719,-0.0999514386475893,0.00311607321435093,0,-0
0.998536196061999,-0.720838957775926,-3.6384916306133,-0.0879065049554019,0.047670183411918,-0,0
1.05381194303094,-0.637504740331798,-5.29805852948294,0.0552757469689442,0.0833342174441283,-0,0
1.10200923555589,-0.549886129333535,-11.4984793284566,0.0481972925249455,0.0876186109982624,-0,0
1.02059658525149,-0.491817373789667,-16.3275362359657,-0.0814126503043994,0.0580687555438687,-0,-0
0.960169635912188,-0.571495374477093,-14.7860156660248,-0.0604269493393013,-0.0796780006874264,-0,0
1.05996469333371,-0.565096428139185,-12.5023374012278,0.0997950574215205,0.00639894633790776,-0,0
1.06797086203488,-0.465417437059177,-11.0757217531144,0.0080061687011707,0.0996789910800084,-0,0
1.01358960409289,-0.38149676746791,-10.4206007547675,-0.0543812579419922,0.0839206695912665,0,-0
0.918027324842547,-0.410956074732,-2.84256298713548,-0.09556227925034,-0.0294593072640894,0,-0
0.826988642473081,-0.452331892698918,3.56817097516557,-0.0910386823694656,-0.0413758179669182,-0,0
0.832913537652966,-0.552156216473774,-7.79469796233596,0.00592489517988471,-0.0998243237748565,0,-0
0.747304321423106,-0.50047389748063,-3.6847286026542,-0.0856092162298598,0.0516823189931442,0,-0
0.847029710441314,-0.493068035939456,0.0741264809944226,0.0997253890182082,0.00740586154117377,-0,-0
0.945183370787998,-0.512195475928851,6.09072495224173,0.0981536603466836,-0.0191274399893941,-0,-0
1.00381544500096,-0.593203375997211,-7.22747214949949,0.0586320742129641,-0.0810079000683604,0,-0
0.906777494195114,-0.617361937696986,-9.18077842383502,-0.0970379508058478,-0.0241585616997754,0,-0
0.812307909176644,-0.650156716342955,-9.0906475607738,-0.0944695850184701,-0.0327947786459682,0,0
0.909337861773807,-0.625966050808655,-12.3220402258655,0.0970299525971628,0.0241906655342992,-0,-0
1.00784315810441,-0.643191224097197,-19.022671036295,0.098505296330602,-0.0172251732885415,0,0
0.931669923793287,-0.707980408183608,-21.2863349922226,-0.0761732343111221,-0.0647891840864114,0,-0
0.947595615946264,-0.609256691025832,-17.4386975170657,0.015925692152977,0.0987237171577763,-0,-0
1.00299387557204,-0.692509515785325,-19.8332118449225,0.0553982596257779,-0.0832528247594933,-0,-0
0.970653818392544,-0.597883300064592,-23.2326239222132,-0.0323400571794984,0.0946262157207334,0,-0
1.0598771739263,-0.643040722791052,-25.6012701484158,0.08922335553376,-0.0451574227264606,-0,-0
1.00769439297547,-0.557735638697328,-29.2961379855616,-0.0521827809508337,0.0853050840937239,-0,0
0.929537642955235,-0.620117706844149,-33.8838974813597,-0.0781567500202344,-0.0623820681468207,0,-0
0.835052961391273,-0.58736644809343,-28.6080036428562,-0.0944846815639626,0.0327512587507196,0,0
0.91839744650773,-0.532106183882401,-24.5472574592984,0.0833444851164569,0.0552602642110287,-0,-0
1.01139131106376,-0.568877655908079,-19.2261062924439,0.0929938645560272,-0.0367714720256786,0,-0
0.924665204672036,-0.618663019923338,-21.470026434282,-0.0867261063917214,-0.0497853640152587,-0,-0
0.991770229761439,-0.54452183293695,-11.7311987238282,0.0671050250894034,0.074141186986388,-0,-0
0.902488840098089,-0.589564406795257,-15.2407211359185,-0.0892813896633501,-0.0450425738583069,-0,-0
0.971023376236416,-0.516742587562939,-18.0338374431823,0.0685345361383269,0.0728218192323178,-0,0
0.979215796814273,-0.616406443825255,-14.0551508174106,0.00819242057785697,-0.0996638562623156,0,0
0.905066312810944,-0.549310586858971,-10.1602787463269,-0.0741494840033291,0.067095856966284,0,0
0.956009720252936,-0.63536155569837,-13.6026399422339,0.0509434074419921,-0.0860509688393988,-0,0
1.01482398951225,-0.716237273509667,-13.5084065189769,0.0588142692593169,-0.0808757178112972,-0,-0
0.998457433842231,-0.617585685304002,-17.1143544186988,-0.0163665556700216,0.0986515882056649,0,0
0.91003871565694,-0.664298962586484,-21.5051033684097,-0.0884187181852912,-0.046713277282482,0,0
0.81004434987759,-0.663237448391749,-22.0017639164406,-0.0999943657793497,0.0010615141947344,-0,0
0.710429539200836,-0.672006113845193,-9.33697854593582,-0.0996148106767542,-0.00876866545344392,0,-0
0.81021647947095,-0.678530418522983,-12.6316600362152,0.0997869402701144,-0.00652430467778951,0,-0
0.881903883617633,-0.748250688794333,-13.3378585921456,0.071687404146683,-0.0697202702713503,-0,0
0.94049131470514,-0.829290882023167,-13.5112084427897,0.0585874310875065,-0.0810401932288336,-0,-0
0.98363961394893,-0.739078774895751,-5.15852500742507,0.0431482992437904,0.0902121071274157,-0,-0
1.08230854731302,-0.722817114808495,0.163341976211105,0.0986689333640865,0.016261660087256,0,-0
1.08390082530195,-0.622829792358067,1.55487287399866,0.00159227798893448,0.0999873224504285,-0,0
0.98391091659695,-0.624250410943616,3.15579931732728,-0.0999899087050008,-0.0014206185855492,-0,0
0.965378689344155,-0.722518190775312,4.52598917478602,-0.0185322272527951,-0.0982677798316964,-0,-0
0.937524633356077,-0.626475744091499,-4.43011478499069,-0.0278540559880779,0.0960424466838128,0,0
0.911242712616276,-0.722960253947884,-1.83673929943953,-0.0262819207398014,-0.0964845098563847,0,-0
0.855224525880762,-0.64012328904172,-4.11778364812772,-0.0560181867355137,0.0828369649061644,0,-0
0.811300450075185,-0.550286350288076,-16.8240062294964,-0.0439240758055774,0.0898369387536435,-0,-0
0.852891233369022,-0.641227027352881,-13.7082260964042,0.0415907832938376,-0.0909406770648044,0,-0
0.887207538390041,-0.735154612277143,-7.50369925784696,0.0343163050210183,-0.0939275849242619,-0,0
0.788186906507427,-0.749115789217784,-3.00152332013336,-0.0990206318826137,-0.0139611769406418,0,-0
0.778416629929527,-0.649594225244988,-4.61453010072576,-0.00977027657789983,0.0995215639727961,-0,-0
0.720222193096381,-0.568271365471903,-10.3744567118066,-0.0581944368331466,0.0813228597730854,0,0
0.622305610670401,-0.588577593236222,-9.2202936132445,-0.0979165824259793,-0.020306227764319,-0,0
0.585194387397422,-0.681436395227111,-8.23418813610607,-0.0371112232729789,-0.0928588019908889,-0,0
0.487927632441279,-0.704656610133558,-2.90725154973494,-0.0972667549561432,-0.0232202149064474,-0,0
0.487096681480586,-0.804653157676465,-1.57910593203056,-0.000830950960692954,-0.0999965475429073,-0,-0
0.493255643227886,-0.904463313423239,-1.50916770491813,0.00615896174729944,-0.0998101557467741,0,-0
0.402595278653102,-0.862264992423853,-3.5772243788935,-0.0906603645747838,0.0421983209993868,0,0
0.495728818856388,-0.825848736586618,0.37273346111,0.0931335402032859,0.0364162558372346,0,0
0.395898599292429,-0.831673447893782,-3.08331255404772,-0.0998302195639587,-0.00582471130716346,0,0
0.479603577503266,-0.776960774565536,0.578927760073614,0.083704978210837,0.0547126733282454,-0,0
0.506453232309563,-0.680632709928159,1.29896439771428,0.0268496548062967,0.0963280646373771,-0,0
0.463631731926359,-0.771000398318043,-2.01331291786365,-0.0428215003832037,-0.0903676883898846,-0,0
0.509751609403312,-0.682270713874162,-5.1917347466651,0.0461198774769529,0.0887296844438819,0,0
0.419444000570047,-0.639322654700108,2.69767510984964,-0.0903076088332651,0.0429480591740534,-0,0
0.461733586172809,-0.548704825607006,1.13415770050859,0.042289585602762,0.0906178290931021,-0,0
0.491627398420822,-0.64413207532783,-7.55040193551955,0.0298938122480129,-0.0954272497208243,-0,-0
0.400658235368344,-0.685660515865993,-8.99652254076834,-0.0909691630524778,-0.0415284405381626,0,0
0.376320676041801,-0.588667303701291,-4.46654440399122,-0.0243375593265428,0.0969932121647026,-0,-0
0.448496026288162,-0.519452284978363,0.764463929439202,0.0721753502463603,0.0692150187229276,-0,0
0.538105443881669,-0.475065887528778,0.459906109839269,0.0896094175935069,0.0443863974495846,-0,0
0.630736396369756,-0.512742228130669,-0.386299729027618,0.0926309524880876,-0.0376763406018904,0,-0
0.573955570264592,-0.430426143512806,2.17463714033567,-0.0567808261051641,0.0823160846178626,-0,-0
0.50635791396404,-0.504118455613,-2.31308541472078,-0.0675976563005522,-0.0736923121001942,0,0
0.409229802919494,-0.527911943060583,3.38183176176014,-0.0971281110445464,-0.0237934874475826,-0,-0
0.498902607498038,-0.483653744735095,6.74166127965561,0.0896728045785444,0.0442581983254876,0,0
0.444504823114645,-0.399743786719506,2.14596680149173,-0.0543977843833928,0.083909958015589,-0,-0
0.344567431184648,-0.40328182208256,3.17698039272213,-0.0999373919299967,-0.00353803536305416,0,-0
0.317779095430483,-0.499626957234898,4.44119355965217,-0.0267883357541655,-0.0963451351523371,-0,-0
0.378998749775685,-0.420556394306245,7.19514606702682,0.061219654345202,0.0790705629286525,0,-0
0.279049022171475,-0.423726875633139,9.45648808803,-0.0999497276042102,-0.0031704813268944,-0,-0
0.189526830474656,-0.379164815606722,2.67972527604103,-0.0895221916968186,0.0445620600264178,0,-0
0.167503244574905,-0.281620150636687,1.79285258659114,-0.0220235858997508,0.0975446649700346,-0,-0
0.108159795951567,-0.20113192102832,8.48930086281776,-0.0593434486233379,0.0804882296083673,-0,0
0.206386097172854,-0.219882754300071,12.377745745007,0.0982263012212869,-0.0187508332717512,0,0
0.305965039203737,-0.229049776936133,12.474571509313,0.0995789420308829,-0.00916702263606176,0,0
0.357592224321029,-0.314692253294917,5.25488103655538,0.0516271851172919,-0.085642476358784,-0,0
0.363715041503622,-0.214879873753356,1.50952983401602,0.00612281718259302,0.0998123795415606,-0,0
0.459501603972918,-0.186158201616871,-5.99186544933606,0.0957865624692956,0.028721672136485,-0,0
0.54989716796626,-0.143395577629029,-12.1245054432279,0.0903955639933422,0.0427626239878422,0,0
0.630444190492041,-0.0841319533538355,-5.64885746799229,0.0805470225257812,0.0592636242751934,-0,-0
0.555756804291878,-0.150628527269998,-2.4141447088473,-0.0746873862001634,-0.0664965739161624,0,0
0.469413819951683,-0.201075420685044,-2.61282586429327,-0.0863429843401942,-0.0504468934150457,-0,-0
0.37259133988212,-0.176067274948526,-3.39435703845072,-0.0968224800695638,0.0250081457365179,-0,-0
0.370703145703969,-0.0760851029239812,-4.69350591643385,-0.0018881941781502,0.0999821720245445,0,-0
0.336941314380521,0.0180432070878694,-4.36800349029756,-0.0337618313234479,0.0941283100118506,-0,0
0.36303060464373,-0.0784935679440429,4.97633600307226,0.0260892902632087,-0.0965367750319123,-0,-0
0.336157772785232,0.0178280335164026,1.84286886934305,-0.0268728318584982,0.0963216014604454,0,-0
0.278935844771062,0.0998380996933125,8.46319104949885,-0.05722192801417,0.0820100661769099,0,0
0.378726080344094,0.106311806844454,12.6311529890005,0.0997902355730322,0.00647370715114166,0,-0
0.290048399887958,0.152531596858251,15.2274911388895,-0.088677680456136,0.0462197900137964,0,-0
0.376084332580431,0.101562799680602,18.3147338422232,0.0860359326924731,-0.0509687971776482,-0,-0
0.424002880724791,0.189334165989534,19.920625771578,0.0479185481443599,0.0877713663089317,0,-0
0.511146628038754,0.140283505401932,12.0536996114089,0.0871437473139632,-0.049050660587602,0,-0
0.47056779105263,0.231680212064993,14.5550081869342,-0.0405788369861241,0.0913967066630607,-0,-0
0.378496083479179,0.192657133451063,16.1088455064676,-0.0920717075734507,-0.0390230786139302,-0,0
0.461727342142465,0.248087789060799,25.7202708102765,0.0832312586632857,0.0554306556097366,-0,0
0.455468735388463,0.347891746104089,33.0493498608571,-0.00625860675400213,0.0998039570432894,-0,0
0.415761454722665,0.256113034726517,35.7199902825602,-0.0397072806657978,-0.0917787113775714,0,-0
0.365798967531458,0.342737222305209,33.5098885318225,-0.0499624871912071,0.0866241875786923,0,-0
0.462057688469049,0.315640015005212,31.1415237932839,0.0962587209375907,-0.0270972072999975,-0,0
0.376504024429876,0.263865788120861,35.1017290616157,-0.0855536640391732,-0.0517742268843513,-0,-0
0.370257851393423,0.36367052409265,26.7660399727552,-0.00624617303645286,0.0998047359717899,0,0
0.409929882947863,0.271876570520841,30.2530714084058,0.03967203155444,-0.0917939535718095,0,-0
0.47224031464856,0.350090444617913,32.3140173936796,0.0623104317006977,0.0782138740970724,-0,-0
0.393879247876533,0.412215666664598,27.6039941758698,-0.0783610667720274,0.0621252220466846,-0,0
0.345294013373472,0.324811576438324,16.7714215135649,-0.0485852345030606,-0.0874040902262738,-0,-0
0.246749076640528,0.341808500992491,15.5371648074665,-0.0985449367329441,0.0169969245541673,-0,0
0.312457447861551,0.26642673959439,11.7125178020489,0.065708371221023,-0.075381761398101,-0,-0
0.220259126710644,0.305149724718915,9.02715282516848,-0.0921983211509074,0.0387229851245244,0,-0
0.152251036672762,0.37846343209618,14.8850399183976,-0.068008090037882,0.0733137073772656,0,0
0.12265916841908,0.282942118593608,16.9783424625588,-0.0295918682536818,-0.0955213135025725,0,0
0.207015620454804,0.229239334681182,18.2826461153686,0.0843564520357234,-0.0537027839124258,0,0
0.28622443975547,0.29028000100286,19.50612981745,0.0792088193006664,0.0610406663216776,-0,-0
0.386047281306296,0.296229816522572,18.9090892369892,0.0998228415508264,0.00594981551971183,0,0
0.485608545703445,0.305586879717885,18.9432636366539,0.0995612643971485,0.00935706319531342,-0,-0
0.39339330797465,0.266904197150335,22.388336621867,-0.0922152377287949,-0.0386826825675501,-0,-0
0.326409504855464,0.192653472442154,16.5447689664398,-0.066983803119186,-0.0742507247081814,0,0
0.327702002915593,0.0926618255472026,17.2916849352362,0.00129249806012909,-0.099991646894951,0,0
0.393581005271569,0.0174291395086104,11.7147836014441,0.0658790023559754,-0.0752326860385922,0,0
0.327763182162464,-0.057857075439271,10.2771778847953,-0.0658178231091047,-0.0752862149478814,-0,0
0.372303686360601,0.0316758430085029,7.3923550295392,0.044540504198137,0.089532918447774,-0,0
0.383318834686762,0.131067324068766,1.46042086738408,0.0110151483261617,0.0993914810602632,-0,0
0.344612019144997,0.038862213415312,-8.25143139775547,-0.0387068155417659,-0.0922051106534541,-0,0
0.440083409832669,0.00910967469738333,-6.58528491647316,0.0954713906876723,-0.0297525387179287,0,0
0.417269069105422,0.106472428649709,-4.48221860678681,-0.022814340727247,0.0973627539523255,0,-0
0.378320567995117,0.0143691482452599,-8.25405401768746,-0.0389485011103052,-0.092103280404449,-0,-0
0.478082124753617,0.00746756921431201,-0.0690706971775885,0.0997615567585008,-0.00690157903094787,-0,0
0.424699583093989,0.0920270408656771,2.13391440200061,-0.0533825416596286,0.0845594716513651,0,-0
0.438635891408154,-0.00699709412459949,11.1353924795567,0.0139363083141654,-0.0990241349902766,0,0
0.49584619887704,-0.0890152672285867,11.6046420135196,0.0572103074688853,-0.0820181731039872,0,0
0.401292305198685,-0.121566168756231,3.4731426653216,-0.0945538936783546,-0.0325509015276447,-0,0
0.495538611158251,-0.154997199445934,5.94231197070187,0.0942463059595661,-0.0334310306897029,-0,0
0.594461608843213,-0.140360241803683,6.43008262573055,0.0989229976849617,0.0146369576422517,-0,-0
0.539886670163026,-0.224155086919918,10.4182911216673,-0.0545749386801861,-0.0837948451162357,0,-0
0.570315981607329,-0.319412931767603,5.02158524566956,0.0304293114443022,-0.0952578448476852,0,-0
0.488678650601812,-0.377165387873778,-2.52589946572866,-0.0816373310055171,-0.0577524561061747,0,-0
0.398825812967794,-0.333273844620951,2.68720138520778,-0.0898528376340181,0.0438915432528271,-0,-0
0.366509972015244,-0.427908333173114,-1.89986140312667,-0.0323158409525492,-0.0946344885521634,-0,0
0.363187123347839,-0.527853111309511,-7.8872162384631,-0.00332284866740513,-0.0999447781363965,-0,0
0.26318712778057,-0.527823336385357,-3.14189040283574,-0.0999999955672694,2.97749241543683e-05,0,0
0.22845338894045,-0.621597359367131,-1.92552654048306,-0.0347337388401205,-0.0937740229817742,0,-0
0.297619807406347,-0.549375433634011,0.807005543782661,0.0691664184658978,0.0722219257331201,-0,-0
0.39556937705286,-0.569521942166832,-0.202853446070944,0.0979495696465123,-0.0201465085328211,0,-0
0.306153344110155,-0.524747250065276,2.67734867958732,-0.0894160329427047,0.0447746921015561,0,-0
0.223330292500854,-0.580786005602163,-2.54673899585634,-0.0828230516093012,-0.0560387555368874,0,0
0.255496217805849,-0.675471554918168,-7.5265002845203,0.0321659253049953,-0.0946855493160042,0,-0
0.17265197715047,-0.619464128712051,-3.73606809145897,-0.0828442406553793,0.0560074262061166,0,-0
0.154902585407614,-0.521051938955097,-4.53394963336877,-0.0177493917428553,0.0984121897569537,-0,0
0.0564760397785041,-0.50338232901258,-9.60240667672924,-0.0984265456291102,0.0176696099425169,-0,0
0.0536227999204267,-0.403423042188833,-17.2502233233838,-0.00285323985807745,0.0999592868237478,-0,0
-0.0309355599577814,-0.456807344888291,-15.1448243665558,-0.0845583598782081,-0.0533843026994588,-0,0
-0.0384728289685803,-0.357091801587065,-17.2033153556636,-0.00753726901079884,0.0997155433012269,0,-0
0.0601022559593694,-0.373912997485321,-25.3017567286686,0.0985750849279496,-0.0168211958982565,-0,-0
0.0960845417489203,-0.467215061285427,-26.3354595277494,0.0359822857895509,-0.0933020638001062,-0,-0
0.0889460243762693,-0.367470178861714,-29.7736842679857,-0.00713851737265095,0.0997448824237132,-0,-0
0.171240065465283,-0.310657409159474,-30.8116976101856,0.0822940410890138,0.0568127697022396,-0,0
0.175203126797544,-0.410578849025385,-26.663896560974,0.00396306133226098,-0.0999214398659103,-0,0
0.267251127435607,-0.44965781496021,-19.2510452359617,0.0920480006380628,-0.0390789659348248,-0,0
0.196016769791931,-0.379474723755184,-16.4859277866078,-0.0712343576436758,0.0701830912050252,0,0
0.275587047364486,-0.440043452708552,-19.5001852568896,0.0795702775725553,-0.0605687289533676,-0,0
0.339775963916924,-0.363363709674136,-17.9757190362566,0.0641889165524382,0.0766797430344164,0,-0
0.43877560626357,-0.377472955410048,-12.7079354388026,0.098999642346645,-0.0141092457359125,0,-0
0.534150020066234,-0.347410999522279,-18.5442137269596,0.0953744138026643,0.0300619558877689,0,-0
0.478869252457047,-0.430741886548274,-21.0060820456795,-0.0552807676091871,-0.0833308870259945,0,0
0.380201086106039,-0.414475573231182,-15.8713524043731,-0.0986681663510081,0.0162663133170915,-0,-0
0.294505295043362,-0.466014213047752,-15.1665047846534,-0.0856957910626762,-0.0515386398165702,0,0
0.227431596062607,-0.540183741191317,-14.8723689385112,-0.0670736989807556,-0.0741695281435643,-0,0
0.263176588367413,-0.63357697180858,-13.7716309523602,0.0357449923048059,-0.0933932306172635,0,0
0.345919695871467,-0.689733700350871,-0.596278743464374,0.082743107504054,-0.0561567285422911,0,0
0.396305355226119,-0.603354968411829,7.32592389342003,0.0503856593546529,0.086378731939042,-0,0
0.416088380394374,-0.701378597783488,-1.37165239763318,0.0197830251682545,-0.0980236293716582,-0,-0
0.459701052995249,-0.611390071911525,-5.16367895523779,0.0436126726008755,0.0899885258719624,-0,-0
0.380169963776822,-0.672010248814356,-2.49031658655199,-0.0795310892184276,-0.0606201769028308,-0,-0
0.430722305049197,-0.585728960043955,-5.24237747323788,0.0505523412723748,0.0862812887704011,0,-0
0.331008488970261,-0.578168875191504,-3.21726570393062,-0.0997138160789353,0.00756008485245115,-0,-0
0.430821422277593,-0.572055092026705,0.0611759830368128,0.0998129333073316,0.00611378316479921,-0,0
0.521062545547042,-0.528967510624772,0.445463078826234,0.0902411232694487,0.0430875814019325,-0,-0
0.42130919441363,-0.535986694170899,-3.07134305201052,-0.099753351133412,-0.00701918354612664,-0,-0
0.323388629711182,-0.515699678413185,-3.34588079720928,-0.0979205647024478,0.0202870157577142,0,-0
0.366867924125597,-0.605752723654446,-7.40417329651475,0.0434792944144148,-0.0900530452412612,-0,-0
0.329593121624896,-0.698545983638853,-1.95276504135385,-0.0372748025007003,-0.0927932599844072,-0,-0
0.242718592050246,-0.649020070106811,-3.65972574674533,-0.08687452957465,0.0495259135320416,-0,0
0.199348684051391,-0.739125847281035,-2.01939033124944,-0.0433699079988552,-0.0901057771742236,0,-0
0.24613332093376,-0.827506827993997,5.19924142372731,0.0467846368823692,-0.0883809807129615,0,0
0.34611189094171,-0.825436673611949,0.0207030227269831,0.0999785700079496,0.00207015438204788,-0,0
0.254164426990183,-0.864751605544774,-2.73753842954628,-0.0919474639515269,-0.0393149319328249,0,-0
0.351339476900115,-0.841150553131751,-6.04492696937548,0.097175049909932,0.0236010524130224,0,0
0.252135486317711,-0.828558164457388,-3.26785172983182,-0.0992039905824044,0.0125923886743629,0,0
0.261077766093673,-0.728958788794644,1.48125392084454,0.00894227977596211,0.0995993756627441,-0,0
0.351586324831835,-0.68643584445702,6.72240068231556,0.0905085587381619,0.0425229443376242,-0,0
0.257540387970296,-0.720426457276376,9.77159504165052,-0.0940459368615392,-0.0339906128193563,0,0
0.332789418683051,-0.786286789622871,11.8474094370608,0.0752490307127556,-0.0658603323464949,0,-0
0.377457791262279,-0.696817596650523,7.39092634963898,0.0446683725792277,0.0894691929723483,0,-0
0.38809184295116,-0.5973846195017,7.74743966843064,0.0106340516888808,0.0994329771488223,-0,-0
0.484371057382392,-0.570360318058281,6.55683073562641,0.0962792144312322,0.0270243014434196,-0,-0
0.512667315718996,-0.474447223205971,7.56710010541626,0.0282962583366042,0.0959130948523097,0,-0
0.552624214291971,-0.566117536047311,5.12343559956215,0.0399568985729744,-0.0916703128413394,0,-0
0.558235562949115,-0.665959975752318,-1.51465335077883,0.00561134865714465,-0.099842439705007,0,0
0.477171719700899,-0.72451467938771,-2.51603793852877,-0.0810638432482159,-0.0585547036353928,0,0
0.440738003814376,-0.631387968145983,-10.6226533463118,-0.0364337158865237,0.0931267112417274,0,-0
0.499936617807982,-0.550793153789004,-11.6290952564897,0.0591986139936069,0.0805948143569791,0,-0
0.471044582421704,-0.455057840078555,-16.9856606899501,-0.0288920353862783,0.0957353137104488,-0,0
0.373713765926922,-0.432107629612001,-15.9395293704036,-0.0973308164947818,0.0229502104665537,-0,-0
0.292382450762273,-0.373925010441081,-16.3289355334223,-0.0813313151646497,0.0581826191709209,0,0
0.389762414524117,-0.351184239615492,-12.3369558007023,0.0973799637618441,0.0227407708255883,0,-0
0.489035552463472,-0.363219358379911,-18.9701995553394,0.0992731379393557,-0.0120351187644188,0,0
0.405016581676857,-0.417448617529912,-21.4179852016265,-0.0840189707866151,-0.0542292591500005,-0,0
0.307447160759235,-0.439362268567562,-21.7702191929738,-0.097569420917622,-0.0219136510376501,-0,0
0.393930634922894,-0.389156604578488,-18.3235807102379,0.086483474163659,0.0502056639890733,0,-0
0.319682564004152,-0.45614334927358,-21.2571183293193,-0.0742480709187425,-0.0669867446950917,0,-0
0.395538601528711,-0.390983073253042,-18.1398604998574,0.0758560375245591,0.0651602760205379,0,0
0.34580435495974,-0.304227642770467,-10.4750414595141,-0.0497342465689703,0.0867554304825748,-0,-0
0.309688412909512,-0.210977234032358,-10.6260633520937,-0.0361159420502282,0.0932504087381099,0,-0
0.320652233442777,-0.111580077939669,-11.1054333412842,0.0109638205332651,0.0993971560926889,-0,-0
0.418536103261965,-0.0911167441638534,-12.3602815108087,0.0978838698191872,0.0204633337758153,-0,0
0.413012445661015,-0.190964073655971,-14.1924316443281,-0.00552365760094933,-0.0998473294921175,0,0
0.496433153840492,-0.246109204418664,-13.1504735988831,0.083420708179477,-0.0551451307626933,0,-0
0.519226204073961,-0.343476944769637,-20.190400540988,0.0227930502334692,-0.0973677403509733,0,-0
0.61159788634416,-0.381784546033269,-12.9594946592964,0.0923716822701989,-0.0383076012636319,-0,0
0.512996306215412,-0.365119360882364,-15.8753963218755,-0.0986015801287486,0.0166651851509057,-0,-0
0.558864148110059,-0.453979594282505,-13.6606595726403,0.0458678418946471,-0.0888602334001417,0,0
0.478174595287989,-0.513049011626631,-15.0760443962894,-0.0806895528220695,-0.0590694173441253,-0,0
0.404684673676996,-0.580866645186126,-21.2458703071963,-0.0734899216109937,-0.0678176335594955,-0,0
0.494701325951092,-0.537312055148285,-24.6820965970894,0.0900166522740964,0.0435545900378411,-0,0
0.397487050143337,-0.5138731008377,-22.227739145793,-0.0972142758077554,0.0234389543105846,-0,-0
0.32102358091721,-0.449426705485399,-22.6914706019424,-0.0764634692261273,0.0644463953523011,-0,0
0.304990946836866,-0.548133111784311,-20.5813735100673,-0.016032634080344,-0.0987064062989115,0,0
0.398031057349089,-0.584787413521941,-12.9416613199531,0.0930401105122237,-0.0366543017376296,0,0
0.497244831024401,-0.597302488955356,-12.6918503930688,0.0992137736753115,-0.0125150754334153,0,0
0.593859793676211,-0.57150425274066,-12.3054373241051,0.0966149626518106,0.025798236214696,-0,0
0.509043806622316,-0.624478287324345,-15.1496688701163,-0.0848159870538951,-0.0529740345836854,-0,0
0.597016958697891,-0.67202536414183,-13.0618696958358,0.087973152075575,-0.0475470768174842,0,-0
0.69372165410285,-0.697485173383735,-12.8238026918502,0.0967046954049585,-0.0254598092419052,0,-0
0.789336982431638,-0.726771842511138,-6.58040892435913,0.0956153283287885,-0.0292866691274029,-0,-0
0.721704225102873,-0.80043194118137,-14.8799324519273,-0.0676327573287655,-0.0736600986702321,-0,-0
0.632490195843233,-0.755256096050812,-9.89351336638964,-0.0892140292596396,0.0451758451305582,-0,-0
0.534678712839853,-0.776062676564667,-9.21518089056463,-0.0978114830033797,-0.0208065805138558,0,-0
0.575448773598141,-0.867374242895366,-7.43404717479785,0.0407700607582874,-0.0913115663306985,-0,0
0.657522549866799,-0.924504753561753,-13.1744657539504,0.0820737762686584,-0.0571305106663875,-0,-0
0.627002591184009,-0.829275912751835,-16.9686115859675,-0.0305199586827907,0.0952288408099182,-0,0
0.70244689691416,-0.894912463033637,-13.2823617611907,0.075444305730151,-0.0656365502818019,-0,0
0.608799552215867,-0.859838614785133,-16.0663228333942,-0.0936473446982929,0.0350738482485043,-0,-0
0.571929989641554,-0.952793632700137,-14.5147723389917,-0.0368695625743129,-0.0929550179150046,-0,0
0.4740129404504,-0.973097609593772,-15.5035019080046,-0.0979170491911534,-0.0203039768936347,-0,-0
0.57145270322364,-0.950614446322229,-12.3396003727741,0.0974397627732393,0.0224831632715427,-0,0
0.623212332290959,-1.03617694277256,-19.8763129950059,0.0517596290673195,-0.0855624964503345,0,-0
0.693493602629842,-0.965039448864268,-24.3412886134105,0.070281270338883,0.0711374939082959,-0,-0
0.77967771852669,-1.01575727775193,-25.6646488028484,0.0861841158968481,-0.0507178288876668,-0,-0
0.756908210311658,-1.1131305261092,-26.9332474851163,-0.022769508215032,-0.0973732483572649,0,0
0.657930492890236,-1.0988682873633,-28.4174442671097,-0.0989777174214223,0.014262238745901,0,-0
0.738519959227769,-1.15807418162588,-25.7663525323704,0.0805894663375333,-0.0592058942625782,-0,-0
0.772096006326699,-1.06387944153276,-30.1875426622821,0.0335760470989298,0.0941947400931201,0,0
0.863689384559639,-1.10401238391028,-31.8288943621554,0.0915933782329397,-0.040132942377524,-0,-0
0.918980033954498,-1.02068805319293,-30.4309785960232,0.0552906493948594,0.0833243307173525,0,0
0.94174185112351,-1.11806309968413,-32.7570919175659,0.0227618171690116,-0.0973750464912058,-0,0
1.04137388071727,-1.12663390355702,-31.5017398563448,0.0996320295937632,-0.00857080387288706,-0,-0
0.943848773245902,-1.14874393324261,-34.3345766439375,-0.0975251074713713,-0.0221100296855858,-0,0
0.846301806314423,-1.12673054544179,-28.4962855953452,-0.0975469669314786,0.0220133878008137,-0,0
0.902057840016602,-1.04371690375682,-24.1533889214738,0.0557560337021787,0.0830136416849756,0,-0
0.838873288809771,-0.966207468919557,-10.3116423639963,-0.0631845512068305,0.0775094348372597,-0,-0
0.934932804485699,-0.938412335386758,-12.2847098687468,0.0960595156759278,0.0277951335327999,-0,0
0.835385961728607,-0.947921599138214,-3.04635611547823,-0.0995468427570921,-0.0095092637514569,0,-0
0.749882548417886,-0.999778771373268,-8.87959829136103,-0.0855034133107212,-0.0518571722350533,0,-0
0.683684010766504,-0.92482709618973,-10.2721097395089,-0.0661985376513817,0.0749516751835381,-0,0
0.601372217041859,-0.868040050009888,-10.0286943395757,-0.082311793724645,0.0567870461798419,0,0
0.700972163079426,-0.859104125361937,-12.4768920151322,0.0995999460375665,0.00893592464795041,0,0
0.60324150390271,-0.880287096279271,-15.4945164911344,-0.0977306591767159,-0.0211829709173334,-0,-0
0.552719816362029,-0.966586337805728,-14.6668001942671,-0.0505216875406804,-0.0862992415264576,-0,0
0.593677223445915,-1.05781402441985,-7.43199450659859,0.0409574070838861,-0.0912276866141241,0,0
0.496907059564496,-1.03260419732082,-9.67962590919387,-0.0967701638814191,0.0252098270990359,-0,-0
0.43383363333562,-0.955004307477142,-10.3130752238088,-0.0630734262288766,0.0775998898436748,-0,0
0.419804250260317,-1.05401529883935,-20.5611104226009,-0.014029383075303,-0.0990109913622038,-0,-0
0.325345490855821,-1.02118935221532,-22.3256089200868,-0.0944587594044961,0.0328259466240277,-0,-0
0.288857478417695,-0.928083901524635,-29.4716261618017,-0.0364880124381255,0.093105450690683,-0,0
0.205417274756488,-0.872968273859006,-22.5748979346311,-0.0834402036612072,0.0551156276656291,-0,-0
0.111766128653596,-0.908031970663746,-21.6328974082477,-0.093651146102892,-0.0350636968047406,0,0
0.173168593438208,-0.829103285647623,-17.9399092278686,0.061402464784612,0.0789286850161238,-0,-0
0.196960584982338,-0.926231763131644,-13.8969432342987,0.0237919915441299,-0.0971284774840214,0,-0
0.236483391263943,-0.834373460384278,-17.6850757093024,0.0395228062816054,0.0918583027473657,-0,-0
0.234718178709675,-0.934357879293618,-14.1548199835518,-0.00176521255426839,-0.0999844189093393,-0,-0
0.135394841680124,-0.922744321642564,-15.82436150434,-0.0993233370295504,0.0116135576510536,-0,-0
0.0940684562134899,-1.0138054542089,-14.5632023462081,-0.0413263854666346,-0.0910611325663322,0,0
0.148533530894198,-0.92993915799865,-17.8547322126763,0.0544650746807085,0.0838662962102467,0,-0
0.102535850381673,-0.841146064869355,-16.8007905187879,-0.0459976805125252,0.088793093129295,-0,0
0.0210754171940175,-0.899147770231176,-8.80602833540473,-0.0814604331876556,-0.058001705361821,0,0
0.113276572464946,-0.937864006705117,-12.9639225539759,0.0922011552709284,-0.0387162364739414,-0,0
0.213264374393657,-0.939425885530395,-12.5819900377066,0.099987801928711,-0.00156187882527848,0,-0
0.173470698191802,-0.847684600743546,-4.3031222086121,-0.0397936762018553,0.0917412847868499,-0,0
0.105128563061231,-0.774682185949274,-3.95994993745609,-0.0683421351305701,0.0730024147942717,0,0
0.00518048047496175,-0.777904108873275,-9.39255315457434,-0.0999480825862697,-0.00322192292400148,-0,-0
-0.0862114072284038,-0.818493797982893,-9.00681797537622,-0.0913918877033655,-0.0405896891096179,-0,0
-0.186196619222811,-0.820213502153229,-9.40758007131604,-0.0999852119944071,-0.00171970417033615,0,0
-0.283062506210379,-0.795374018702245,-15.9589860691984,-0.096865886987568,0.0248394834509841,0,0
-0.200506432535915,-0.738942691414501,-11.9667694286311,0.0825560736744639,0.0564313272877441,0,0
-0.110845118200707,-0.783224162840856,-13.0251061370076,0.0896613143352078,-0.0442814714263546,-0,-0
-0.0128213439947163,-0.803006470350672,-12.7655072222463,0.0980237742059908,-0.0197823075098165,-0,0
0.0860895056365659,-0.788287644812679,-12.4186456528929,0.0989108496312822,0.014718825537993,0,-0
0.0310368871266467,-0.871769434414971,-14.7201613473819,-0.0550526185099192,-0.0834817896022917,0,0
-0.0652460620252747,-0.844758442159807,-15.9814704637546,-0.0962829491519214,0.0270109922551639,-0,-0
-0.141060017498705,-0.779549208492536,-22.7014895779703,-0.0758139554734299,0.0652092336672713,-0,0
-0.132877413844892,-0.67988454576073,-23.6438625257224,0.00818260365381294,0.0996646627318058,0,-0
-0.0948214040511251,-0.587408926711292,-17.669161486718,0.0380560097937666,0.0924756190494378,-0,0
-0.189406507405525,-0.61986902873574,-21.6605586985106,-0.0945851033543995,-0.032460102024448,-0,-0
-0.152428658360935,-0.712781023010083,-20.0415816468727,0.0369778490445899,-0.0929119942743429,-0,0
-0.100136064502856,-0.627543210816233,-24.1122249292311,0.0522925938580783,0.0852378121938502,-0,0
-0.0208228715144421,-0.566638224009055,-24.4778791390025,0.0793131929884142,0.0609049868071783,-0,0
-0.119799603067263,-0.580907302855318,-21.8479690825055,-0.0989767315528206,-0.0142690788462638,-0,-0
-0.141104597130309,-0.678611433924447,-26.9182330673121,-0.0213049940630465,-0.0977041310691291,0,-0
-0.189620948593821,-0.766053778590341,-39.7764583249375,-0.0485163514635122,-0.0874423446658937,-0,-0
-0.211680248584248,-0.863590373178897,-45.7755158826314,-0.0220592999904262,-0.0975365945885563,0,0
-0.113984361841692,-0.842247605935969,-43.767215014344,0.0976958867425553,0.0213427672429283,0,0
-0.177627566624447,-0.765114328519666,-48.00482244056,-0.0636432047827547,0.077133277416303,0,-0
-0.0894200621214312,-0.718003436473872,-49.7749349284059,0.0882075045030157,0.0471108920457941,0,0
-0.0444942518259613,-0.628663235168438,-49.1606208782114,0.0449258102954699,0.0893402013054339,-0,0
0.00336609725700686,-0.716466350065669,-45.0540299560842,0.0478603490829682,-0.0878031148972315,0,0
0.0595067751299642,-0.79922034868788,-44.9570087027712,0.0561406778729574,-0.0827539986222106,0,-0
-0.017440831253366,-0.735352783587306,-41.5334804254866,-0.0769476063833302,0.0638675651005742,-0,0
-0.012261022399082,-0.835218541383625,-51.7844575049371,0.00517980885428401,-0.0998657577963192,-0,-0
-0.0843162849483496,-0.904558566902485,-46.3576924453914,-0.0720552625492677,-0.0693400255188596,0,-0
-0.148882251475454,-0.828196037043785,-47.9927993026669,-0.0645659665271047,0.0763625298586996,0,0
-0.245186091012374,-0.855132452737919,-40.5679717730652,-0.0963038395369198,-0.0269364156941342,0,-0
-0.150756979265,-0.822221317014552,-37.3637494910921,0.0944291117473742,0.0329111357233675,0,-0
-0.250594119200928,-0.816516451598613,-34.6145988336611,-0.0998371399359278,0.00570486541593919,0,0
-0.203579905150558,-0.728257380239199,-36.617767336562,0.0470142140503695,0.0882590713594135,0,-0
-0.128743819930896,-0.661928198509017,-36.973902906224,0.0748360852196619,0.0663291817301819,-0,0
-0.177676197019195,-0.574717978508787,-41.9001866405829,-0.0489323770882985,0.0872102200002303,-0,-0
-0.0864646636883826,-0.615711346111878,-38.1214931896213,0.0912115333308121,-0.0409933676030909,-0,-0
-0.049167526570731,-0.708495631218932,-32.6045134442617,0.0372971371176516,-0.0927842851070541,-0,0
0.0486152798057885,-0.729436566659645,-25.3437121110743,0.0977828063765195,-0.0209409354407127,-0,-0
0.128524031196407,-0.789558039123253,-32.0609469166408,0.0799087513906183,-0.0601214724636078,-0,0
0.0905516727912075,-0.882068038567351,-27.0930350379063,-0.0379723584051993,-0.0925099994440984,0,0
0.188081286790577,-0.859977896124759,-24.9100025976673,0.0975296139993694,0.0220901424425919,-0,-0
0.103447793843561,-0.80671278679804,-28.8360638109756,-0.0846334929470161,0.0532651093267195,-0,0
0.202435852957558,-0.792522503050212,-31.2735430948759,0.0989880591139968,0.0141902837478278,-0,-0
0.29025973328602,-0.840344736833798,-38.1977413157518,0.0878238803284619,-0.0478222337835865,-0,0
0.276754945191072,-0.741260829469835,-42.276039037516,-0.0135047880949475,0.0990839073639638,0,0
0.195080934994893,-0.68356025704222,-54.022132903006,-0.0816740101961791,0.0577005724276149,-0,-0
0.273697267432089,-0.621758377830304,-49.5992623552102,0.0786163324371961,0.0618018792119162,-0,-0
0.363848616020641,-0.665033478611994,-44.4298392439145,0.0901513485885515,-0.0432751007816906,-0,-0
0.281411419571689,-0.608428632161915,-41.4424090299833,-0.0824371964489514,0.0566048464500788,-0,-0
0.368234314793725,-0.658045009148384,-38.2182865572744,0.0868228952220359,-0.0496163769864687,0,-0
0.462345118439873,-0.624234409670171,-37.3542082018716,0.0941108036461482,0.0338105994782131,-0,-0
0.55233375172613,-0.580621958704058,-37.2478243311454,0.0899886332862566,0.0436124509661133,0,0
0.500516638723242,-0.495094262604806,-35.5836042906746,-0.051817113002888,0.0855276960992516,0,-0
0.422547575377135,-0.432477769881796,-35.2341439167189,-0.0779690633461071,0.0626164927230098,-0,0
0.361845204823511,-0.353009397499002,-35.4760055634361,-0.060702370553624,0.0794683723827947,-0,-0
0.461827429094318,-0.354894823143781,-31.4347819095857,0.0999822242708073,-0.00188542564477899,-0,-0
0.418391379804881,-0.264820911148544,-29.3958020343553,-0.0434360492894371,0.0900739119952364,0,-0
0.482094052737913,-0.341905082423762,-32.2960879479819,0.0637026729330324,-0.0770841712752177,-0,0
0.57668584230384,-0.374345695036898,-31.7463103682053,0.0945917895659262,-0.0324406126131357,0,-0
