X,Y,Theta
4.16560656581698,4.45389360869033,1.32752901119621
4.31061745266209,4.39458544411598,1.37503271755205
4.20991896556094,4.51334166789521,1.31701560226021
4.32903511037789,4.61902171707091,1.32407858812394
4.33198847204315,4.73676105802599,1.23946658642367
4.55352408543079,4.87329460824331,1.19496322659081
4.58786290383317,5.02718043593805,1.27113239531648
4.51551817020104,4.98044743169728,1.40426751150913
4.47414467661286,5.07924117719081,1.46379711007047
4.58873063830291,5.13882655219433,1.43919123774914
4.72117264437863,5.26393431947565,1.53517919860401
4.64769859905257,5.3097543052118,1.52861587546544
4.66254422937202,5.4678178531542,1.41497568034542
4.71536031816132,5.59483782547697,1.29378416657381
4.7721113395913,5.72894330225705,1.40450546260085
4.70371779832936,5.82809138283926,1.38435174691933
4.59133317124643,5.81091328490689,1.45240056387822
4.67043557669473,5.98109868115764,1.56990497798894
4.72659187247545,6.05789359006191,1.76756850397823
4.80513124652761,6.17660871090251,1.7321946790764
4.7821800330293,6.13315598065773,1.68116606998597
4.85663283530007,6.25817541808738,1.61491083570681
4.74749595709122,6.3484743241008,1.54324998842704
4.79111720041033,6.38653967507796,1.26063949278341
4.74946722613651,6.5459801167294,1.28327518819906
4.79228843057199,6.67113557313902,1.19849998642234
4.78555218350202,6.73138627171844,1.27015426934311
4.72126866035449,6.85691190646127,1.2665603936107
4.72655456743824,7.04234859372498,1.20950831916591
4.65849929195471,7.11414746861396,1.21982038335028
4.75777753881611,7.14830643687698,1.21445982364545
4.78920351657524,7.07847557725486,1.06478303224767
4.85558164026457,7.19598142430656,1.06847073411322
5.03203634652568,7.38002088765516,1.11992202943901
5.08739834080897,7.51155264309898,1.05847056484567
5.09311028320311,7.56670735520426,1.10457899948068
5.22405530679374,7.57514692709607,1.10647815414895
5.28747580477108,7.72036456374748,1.13401083105187
5.2653246564343,7.93457188548264,1.02881010443841
5.27232128689686,8.13987685078892,1.04633635511165
5.28209471937285,8.25510566244608,1.09557216153871
5.32950032377653,8.27210438052606,1.33539060691912
5.32844077064245,8.34961221001331,1.25704586430726
5.32143274545478,8.42962433900175,1.13608542670523
5.3000709209441,8.52744539590191,1.19564761266009
5.271157926119,8.5924442404243,1.07558311990097
5.18394156643915,8.77199647926016,1.01466208687573
5.39786101616853,8.81731100553871,1.06297720438099
5.43792942284414,8.8802106866736,1.0542598986655
5.56688438632858,8.96500655075316,1.05317210457069
5.67680991611838,8.87866164656056,1.08368292231051
5.64156369566964,8.93160344329475,1.30517391142629
5.81899272229265,9.21877916907973,1.36873163944368
5.70216331422001,9.48859149623443,1.37715981084922
5.66653159297183,9.53467117115044,1.28776844781626
5.61957890286982,9.63886485935792,1.38730822999247
5.61635634014351,9.76823692188355,1.39957359250642
5.68751260809956,9.98728401918793,1.35409397306329
5.72892191355962,10.0891826396316,1.46516587236574
5.77821318189172,10.2031835884031,1.270124306449
5.68358540581487,10.3923492154363,1.19600010814857
5.7284490342097,10.5120172698782,1.13938903350152
5.61216192947561,10.5495444125451,1.17962896261749
5.56814045734912,10.7159661578489,1.30020043754904
5.6390248475133,10.8760724611164,1.33585962131593
5.68959478479126,10.946377449959,1.42470061095272
5.70726620094141,11.0933633738822,1.35552103291764
5.729377485575,11.0914105372521,1.38106685926803
5.69910100762268,11.1435319044078,1.52341985686084
5.63601841643833,11.1250116267388,1.48046035682972
5.53761512028206,11.1893272595785,1.37595473418914
5.51356533271224,11.2808629681419,1.47084344335491
5.39663857711041,11.4247611425292,1.46547794445078
5.40220893402528,11.5944133505027,1.54728291519197
5.4446721438261,11.5863417915365,1.62296246502129
5.3378726926446,11.6837143194308,1.68330123841588
5.44522585759115,11.6336068225103,1.58498002698624
5.44190489593719,11.6729688901142,1.68038939427515
5.42775511105458,11.7071532601679,1.51135657092797
5.59957537077732,11.8474465125383,1.66833694590943
5.61817818964308,12.0344721591989,1.78378475537635
5.6099891252742,12.1282031235305,1.90172106710414
5.59666759523693,12.111624333913,1.93558723192532
5.56889435260116,12.232328295394,1.92708500308233
5.55695611196545,12.3627299591301,1.93517535707296
5.50680508551424,12.4754040833837,1.90268583102272
5.51399714943802,12.5163894392418,2.00252027993451
5.41115802877579,12.633766207364,2.00204623395828
5.36530484242956,12.9592450657915,1.99540505368686
5.42110544389451,13.0154856909126,1.93647471105757
5.51333262742055,13.1712840361988,1.97284998340804
5.52427402196848,13.1598970892575,1.94884307676956
5.56816324631026,13.2045460058879,1.97982705996623
5.4736512846835,13.2448384593031,1.98793445873928
5.36596036837189,13.2973585850297,2.06091491823408
5.24462491902435,13.3117291074463,2.17297904280844
5.16477332029159,13.4486187125692,2.21262868045905
5.23649702562171,13.5262570216625,2.19367649963309
5.16607026088896,13.7470350337106,2.14768854684289
5.13478654455611,13.7892331421839,2.15039838437879
5.06616339503655,14.0114331656809,2.27286219061403
5.07006019277811,13.9753539837524,2.28207538713844
4.95189589094315,13.9138842940923,2.27703086562009
4.89546982749433,14.1467254358565,2.15256188815407
4.84782999814694,14.1283513997497,2.22096514054922
4.92421152504843,14.2253434652263,2.1233544730842
4.83722639685076,14.200275531034,2.08404991389781
4.90968253945383,14.3110478023848,1.9679261158124
4.88787694680237,14.2809423520074,2.08273810234257
4.95613058160374,14.4510364818371,2.06982687281465
4.85947189907298,14.4723102012799,2.06090511394073
4.83759281168854,14.5660661096457,1.95247406169783
4.92139520747916,14.7198871506977,1.87575900129227
4.83025340472067,14.7514513712823,1.75274108247204
4.92387167199886,14.9421671143999,1.66468303073844
4.94336081282546,15.1627798443319,1.51300415215555
4.87844210469838,15.2769071831231,1.63864332740323
4.81660207034342,15.3125355892095,1.67628673647785
4.67842151478902,15.4309118896356,1.78711476026509
4.70573695665871,15.6217463883549,1.74004476761391
4.84746865520997,15.6230899670301,1.79662717006371
4.81769631664922,15.7825869690056,1.73193692832755
4.90525247415768,15.8429163134972,1.60188191940527
4.86962701150421,16.0031574067936,1.66006388194166
4.81404282961779,16.060416593939,1.40762111423871
4.81838685363627,16.1530354115194,1.4674007072948
4.77301949599433,16.3374549766246,1.57318146141139
4.80155431926567,16.6668208129777,1.58270900759937
4.70312514852861,16.6355944118568,1.63637071813363
4.75461307406376,16.8232164383524,1.7933095878335
4.84876786289473,16.9178051042283,1.65267860567769
4.96234807783524,17.0164137325114,1.38379833527254
5.03169831811659,17.1457445621137,1.43340242389895
5.01478604470744,17.2696532648339,1.34148269239459
5.13408929479483,17.3621234497473,1.17202816090578
5.17101999808048,17.5296595046517,1.20760694990046
5.25147766942829,17.6197647687925,1.09070014780961
5.22401511715137,17.644970581272,1.04298864127269
5.28473577311036,17.6470285853977,0.947085706724422
5.30033105046813,17.7932725331305,1.11913610932463
5.39393173399553,17.8432003504035,1.08137340627555
5.4137579079472,17.8826781725534,1.23638386205322
5.45456554861538,17.8847922824367,1.33451567644778
5.56813665324357,18.0629285931704,1.37438617268677
5.61570778705449,18.2159826206258,1.20419630338552
5.61230555354099,18.2958677411288,1.06212902666053
5.79177124819283,18.4332968077153,0.960625562283792
5.94358630575146,18.6031094597737,0.82195724486944
6.16634737939903,18.5960613283813,0.932489278766683
6.13137438215098,18.7187308041516,0.787675469935289
6.25618434426465,18.8429741228846,0.850870421827899
6.42565063408976,18.8493039823914,0.883439516250665
6.42167490116108,18.891097442542,0.87582473323432
6.49736433895591,18.9143643671438,0.915465919060796
6.50153855040499,18.9865827475475,0.959224473666386
6.5661436611723,19.1789247299799,0.942917554982136
6.77796456353041,19.3005087461377,0.826846884667774
6.76216279226389,19.4178186371393,0.759955539332833
6.67782600348163,19.5292480198371,0.754018916991148
6.83624230353964,19.5862503361931,0.681028495064052
6.8650337510032,19.7420302999135,0.618650715814589
6.85938313010721,19.8295331285439,0.859239698494973
6.88872250553692,19.7943001067728,0.912997506465676
6.99270418214366,19.8237334394144,0.755379377657202
6.86407059555012,19.9213454291816,0.713924814455371
6.87106746750634,19.9408985880171,0.661851739720947
6.9638814553331,20.0059220535603,0.791756505811452
7.09303891207668,20.1514091104944,0.806634908012416
7.09220897949373,20.3130534878767,0.780310967504427
7.12356877798009,20.323317522381,0.805774269255659
7.22926656180054,20.355453610975,0.835801249006779
7.3306430281173,20.4834984909562,0.81410174874308
7.57865420129902,20.5733577583309,0.891104885827753
7.57088162983005,20.7753865871255,0.888280027517362
7.60987904426504,20.8357797537896,0.894810662106875
7.68974910276231,20.9704275771453,0.937517659787867
7.85242373600124,21.0703345386146,0.904421908505649
7.7401065589355,21.0543601438758,1.04991391690707
7.68186940916272,21.2203450527143,1.06834267286558
7.6641965326467,21.2853548571175,1.16332213990397
7.83799617999945,21.4005050335854,1.23364017241996
7.99540049766316,21.596485047521,1.03500962731499
8.07500323828695,21.7338893498525,1.00317249944335
8.35861989776632,21.9027144085613,1.04403216777938
8.4975390641173,21.8379988367575,0.978656150164003
8.60996029204472,21.9071396532514,0.876477912317389
8.80876367679873,22.1518098389114,0.874541443352755
8.87994909225195,22.2897070190017,0.774371963252111
8.91370554531217,22.4586714978023,0.639496053151957
8.98251608717487,22.5615109626691,0.528767589744026
9.14511440006101,22.7245395051117,0.337458990164235
9.33008819364749,22.8852210021174,0.366915555481909
9.38628421289316,23.0775712863581,0.435600024853918
9.42796872464558,22.998546805761,0.282847592382512
9.47913615947053,23.021062992938,0.201486436904771
9.61312493154194,22.8627101021214,0.112075362717646
9.82323958488229,23.026919192451,0.111670707865738
9.92960155839512,22.9949109360231,-0.0760725033338578
10.2073671663957,22.9701681842982,-0.145569504833021
10.2306796601665,22.9685949970319,-0.170820339823141
10.2317095744761,23.0852046578975,-0.275211468204891
10.5698432634423,23.0201610060259,-0.299794925984572
10.6265947447923,22.9524465076438,-0.246515165093704
10.8481359483006,22.8763511826986,-0.21666478037582
10.9624027821975,22.8217334060759,-0.197611741729546
11.1661121177998,22.7633763214982,-0.112306866673418
11.2608274778032,22.544695912962,-0.258800970523911
11.3193497104204,22.5854411248938,-0.475039734709096
11.517098332052,22.4893006112509,-0.539111145416817
11.5149590219634,22.460290128659,-0.44575103608485
11.6717228327155,22.3012691107012,-0.478389064804603
11.794516626337,22.2551601208172,-0.434430274974552
11.9025128053567,22.2488383811035,-0.531416355864507
11.8747668656755,22.2343130148999,-0.697753330701847
11.8825602858354,22.2353152522469,-0.649391864734938
11.9213584956589,22.2760923226432,-0.585892580566995
12.0494846670624,22.1770881584383,-0.716484308263441
12.0292573188193,22.0351901400491,-0.712428412093354
12.2748773631912,21.8948282395662,-0.672416297254198
12.4770754555414,21.8300840003273,-0.727683802875321
12.6916646594462,21.9681421433244,-0.644328110417103
12.8227804575385,21.781102590655,-0.709660949274074
12.9690139706234,21.7070260385487,-0.761581830688561
13.020165896196,21.574027147217,-0.779201561608291
13.0926542307849,21.4872380335731,-0.685096003157386
13.280996270653,21.4157377699485,-0.833351788902579
13.2430903827801,21.4448471330376,-0.874929709560964
13.3314171943631,21.3380640155056,-0.923259073719807
13.4614292965052,21.212068844085,-0.911909625139144
13.4617355310216,21.0586699598789,-0.888363182647062
13.4876356341053,21.0117920274095,-0.944715511480349
13.5965602163678,20.9476316915243,-0.88927018461149
13.5130274336766,20.7479853428358,-1.15695784147366
13.5407259892596,20.6652775890236,-1.0391560085377
13.6339315971777,20.4263529738456,-1.2136821609491
13.5894080949753,20.3651017417152,-1.19092596451088
13.6464562148591,20.3903081718614,-1.23149605706332
13.7348438486207,20.3730658429686,-1.24215665772761
13.7270836550976,20.2840468348967,-1.28056540618686
13.707061789077,20.1345031793758,-1.17565213034143
13.7166308709204,19.9964728094737,-1.03983662116008
13.7886311710302,20.1241833176501,-0.825502992319065
13.7671967054966,19.9604886762814,-0.891951250933842
13.8294058929552,19.7670057169121,-0.973188985644026
13.805663345197,19.4555162968474,-1.15809189089435
13.913441744009,19.5384664196293,-1.07461748279491
13.8878693389561,19.5022301142512,-0.837602182504768
13.9904679297732,19.4189926010761,-0.800027033068605
14.1668075270066,19.3989324721336,-0.853369719566625
14.2961261254627,19.3533129042604,-0.98763381921264
14.3878981970521,19.2434685209799,-0.96808412276344
14.3777752478253,19.2078584628519,-1.13924312259257
14.4657483958256,19.0512698113456,-1.12113742390867
14.5149938042532,18.9697027549186,-1.05106503835672
14.7678708331948,18.8087371738035,-1.05778798730286
14.7056330051078,18.6135061951391,-1.27169262240988
14.7883569168344,18.5774503665504,-1.31901204877149
14.7808053203388,18.3485535336067,-1.33024331997602
14.7541053518987,18.3429779766181,-1.29058189740705
14.9725606549885,18.1079284981482,-1.30840234566925
15.1488042960995,18.0731164125486,-1.29052238219261
15.2080047374216,17.8932419009831,-1.57738987874764
15.2345926777315,17.6980644033575,-1.48037490103904
15.3589501349707,17.5288538113405,-1.51669098408746
15.5155493287396,17.4562774698516,-1.67251112978625
15.6137045629346,17.2979795879284,-1.80723655263621
15.7305295588811,17.3026201120113,-1.83486663459765
15.6338978024933,17.035414430469,-1.77374421463808
15.6500610888789,16.9226554807878,-1.49220554873091
15.6927471127147,16.9361063884014,-1.317743162145
15.7867253145404,16.9471899294784,-1.33302191509411
15.7651214895186,16.9188530528807,-1.40290214979176
15.8891609132363,16.8611064262258,-1.3835449717727
15.7412405756347,16.8152068919754,-1.60297465982313
15.6146318313231,16.7644802954315,-1.66673329437938
15.6288808445641,16.6461615432268,-1.6345025977467
15.6919688021746,16.5378829674347,-1.68464947289863
15.5392153011366,16.4679871729464,-1.67402615914383
15.4512809844776,16.2045682336529,-1.44476130691071
15.4021623114359,15.99871346981,-1.4771201467593
15.4561446500471,16.0090620160077,-1.42156037663248
15.5188692630225,15.901481897331,-1.42038674906101
15.590840440581,15.8165589162125,-1.54286555762734
15.4902072070212,15.7361214522569,-1.55125034570092
15.5345091742446,15.7222595021491,-1.60434706360633
15.5257845123775,15.722805530828,-1.62761903859811
15.5354511193736,15.6064067162668,-1.58404147153301
15.5966826024918,15.5263893941652,-1.56535144709935
15.5055133438884,15.4338103699986,-1.4874640077718
15.4473861433154,15.3403839790129,-1.42706284448355
15.4353018655999,15.4040167157537,-1.21318945204446
15.4480359574106,15.3743450591093,-1.28145448874084
15.6140611106682,15.2742533189439,-1.35251302664306
15.6617820557729,15.0759984752597,-1.36020304863596
15.6531205509901,15.0657166197282,-1.39437645536183
15.737096800158,14.9168765524744,-1.485291174194
15.7675046881915,14.7503780801273,-1.3811353590974
15.7923433181765,14.5795504343788,-1.28457675826349
15.7873748148292,14.3542631392238,-1.30424847302913
15.8128754732088,14.1792245359426,-1.09461446140754
15.9849708891409,14.1058475337569,-1.0618488760529
16.0093282158787,13.9456516510774,-0.988053416493888
16.0702482390116,13.8610314921446,-0.956586879210666
16.1107306241591,13.7984547015863,-0.928429516142503
16.1260600766762,13.7486907405283,-0.970477173390629
16.1264497935522,13.7591454098618,-1.09212124569055
16.2123877311691,13.5209694911325,-1.066508034159
16.4091654084067,13.5854287294092,-1.21980837844293
16.3530365025843,13.4239207600322,-1.33957326546505
16.2258405776091,13.2325662404612,-1.4574237522013
16.3176079361442,13.1176040449885,-1.53793586402467
16.3623334844842,12.9000603390419,-1.52201976599718
16.3682643223375,13.0070959267421,-1.63571065372483
16.3060959803186,12.7931598242791,-1.69770970803052
16.2884777517747,12.7013297310864,-1.755435087689
16.260632167849,12.8098085705244,-1.80779397906875
16.1961123174349,12.7150558128407,-1.99770340709615
16.0912042092115,12.5633109948402,-2.1448625899356
16.105418352416,12.6091151964079,-2.33141378158739
16.0872712550268,12.632702514146,-2.32348668648798
16.0735501023911,12.5022251174054,-2.48700495952554
15.9893771185621,12.4536492344775,-2.41818978826526
16.0023639265799,12.3641437325988,-2.55335030915877
15.8708393270908,12.2345269223447,-2.58381613727307
15.8538003245997,12.2056188667292,-2.31953180603594
15.7377832026306,12.3511425917621,-2.43790164692144
15.6215193883758,12.2425843866596,-2.41720576832211
15.4078048818071,12.0599035821245,-2.42763660440778
15.3536206742579,11.7971832205114,-2.32021736004783
15.2774177872211,11.8048449497128,-2.30537042821782
15.0922836228551,11.7667471127091,-2.33242863353249
15.1308244377831,11.7528047080673,-2.3453964747968
14.9682059668581,11.692513935994,-2.54075673149138
14.7579492373812,11.6876166668865,-2.32699322255773
14.8166061548848,11.6623002043296,-2.27422150993107
14.7167082434902,11.5796580259496,-2.19770430064937
14.7416911487257,11.5572351552307,-2.21871148625715
14.5399582948575,11.4757853903906,-2.19854901959737
14.5108988337604,11.5448156500947,-1.99352159080718
14.5554215992421,11.4058319519703,-1.89339821709497
14.5729814570131,11.2705517758164,-1.77281179238154
14.537378265656,11.2526115443559,-1.87860950106366
14.5562222081172,11.0172303167793,-1.95754279661307
14.523532777592,10.920764550597,-1.85556778125647
14.5084104068503,10.9191218624656,-1.79548010079379
14.5030776032946,10.7596517959877,-1.75915992413562
14.6139168248592,10.7145546004727,-1.625735958329
14.5083556213472,10.5707491531377,-1.63364492029582
14.5727612990427,10.5625680816129,-1.52492331709758
14.6175077226962,10.4478740391693,-1.45906318113216
14.6044490941098,10.2087654641294,-1.53980099267163
14.5039365672992,10.0840004861245,-1.64722835913818
14.4896539845526,9.88911733355821,-1.75114750595692
14.4529540876599,9.73251549933867,-1.78907209177507
14.3837868483966,9.77901603840637,-1.75503348836962
14.4335708757399,9.64542702551677,-1.72757489544792
14.4093206479283,9.5858992332365,-1.60879926821882
14.3272524284611,9.42075253449664,-1.63594723642117
14.4026869004884,9.39062543368515,-1.62028740037798
14.4303127144395,9.28330896166938,-1.52184546407173
14.3620238519251,9.13511766207879,-1.4892724137309
14.3361243464475,8.92706375065923,-1.57615953178342
14.3710929249528,8.69566162452876,-1.59098318219284
14.3296783055887,8.66000858327902,-1.7174434591906
14.3788351402153,8.67616838001097,-1.73816857704321
14.2860254926661,8.6726296945037,-1.84051239858211
14.2950188647753,8.4909340865434,-1.85608994481291
14.1173428851674,8.22974044380968,-1.71597608282105
14.0608199571904,8.0244294879017,-1.57369700556886
13.9960002840935,8.06689998937851,-1.45547962911028
14.1503369035391,7.97906823201136,-1.37351023058101
14.2304429131135,7.80711427985699,-1.21431841253615
14.17996289727,7.7786448476515,-1.41223620614625
14.1322830335198,7.83604212525401,-1.37013376731777
14.1119046286653,7.77623214358195,-1.29338086440286
14.2763691125144,7.69331272141047,-1.36515019063322
14.3713906603376,7.57580171325934,-1.2499225391875
14.3462125984967,7.61562657291157,-1.19464315459263
14.3806713338039,7.48799201647741,-1.11776550870576
14.4951744866013,7.40236040136409,-1.08263554645055
14.6910823805032,7.32667932104,-1.15139279160541
14.8675000202248,7.28353022327703,-1.12856554950313
14.9159281865812,7.12808278995857,-1.04304453699545
15.0015439357331,6.98746387078572,-1.02888520655722
15.0834705265106,7.04454121627377,-1.24052722990506
15.0405639102219,6.91592743046614,-1.25502037297453
14.9384654350258,6.7930211718965,-1.50049724583777
14.9444532642593,6.55253490095679,-1.5561106676124
14.8647865155326,6.51593778055357,-1.45974678772693
14.863201960788,6.47733825657745,-1.46122340099783
14.9132112743751,6.34285597749213,-1.37367170685169
14.8347341404334,6.19673871255588,-1.28443100995315
14.9379213074148,6.12402045862053,-1.0283622863524
14.9387850298862,6.00157079896119,-1.10006194103898
15.0309811931079,5.7833800283793,-1.12374840598107
15.0223927960643,5.61620173953258,-1.09934980642125
15.1500875206271,5.51742479915991,-1.13377673618859
15.2318590584901,5.28146384284045,-1.01531910964044
15.2844038414737,5.25659766232124,-0.906110868337688
15.3646962343233,5.30830400683146,-0.864817473694468
15.4454224586582,5.18141987895086,-0.814976851377855
15.3443790192836,5.0646117164883,-0.973496849948146
15.5962061252906,4.94914544059987,-0.743545221938189
15.9102659895018,4.85217025306479,-0.648396653283689
15.9396974864954,4.76666714077519,-0.712505560806959
16.1347049903818,4.67008563696362,-0.646956415180101
16.0580166105746,4.70560104987161,-0.62726196980002
16.1085607013296,4.65232120575736,-0.785131547534054
16.2227380556109,4.53237620385112,-0.710559210583396
16.2926263807167,4.59844884977213,-0.785823346013674
16.3222109355836,4.54753640519266,-0.759927139673983
16.3023841815298,4.45171504984727,-0.908501192845984
16.5406144043578,4.28811627724953,-1.03690518180444
16.6469556868505,4.15123989521674,-0.938117766865924
16.7397396997184,4.19937527381484,-0.879569835848628
16.7613826386083,4.05449930939422,-0.940644908135441
16.9384015516962,3.97987190585387,-0.993826151857994
17.010147940234,3.87224619979568,-0.923442446046753
17.0782017516784,3.79670873431246,-0.776318745961238
17.1530192356169,3.54997409410966,-0.862830942999641
17.2266708737152,3.42846613787195,-1.05764643505092
17.4578327963836,3.24702755560412,-1.13287529890799
17.6052903096492,3.08892488502344,-1.23011942537183
17.6878998713458,2.92130469053403,-1.18494710498413
17.7156416906137,2.84969367130313,-1.34837854142416
17.6478125363752,2.78052924487497,-1.4488873802754
17.6587862360312,2.71269918629013,-1.50764214541979
17.6603979279435,2.59447973027257,-1.56107572233502
17.7160956483235,2.50403129726083,-1.59918205613637
17.8601164262747,2.45909262005709,-1.56676803371817
17.8516639546335,2.51412404963806,-1.54224092295623
17.7952995265813,2.29525677985097,-1.57429086605949
17.7672794545957,2.10771700391236,-1.62100856354045
17.7126546722314,1.97207915649863,-1.52433853160655
17.728702426812,1.83175313154852,-1.6004156508209
17.666236762932,1.68317687040267,-1.65429013183543
17.786276603121,1.71678220553814,-1.61980906050058
17.8278567757549,1.66125234475356,-1.39173370068424
17.9417696957298,1.65434604344184,-1.48601613520633
17.9500779976351,1.62097322342243,-1.67854406065095
17.9059613242873,1.57390060847403,-1.80286722996806
17.8130569689109,1.36628277263624,-1.87819670817007
17.7337043808159,1.3331201001657,-1.8111773934653
17.6911435492136,1.36575226256185,-1.87484558656568
17.7789702714453,1.25365245568944,-1.9623387265975
17.7250541308495,1.20039863194318,-2.02931951100873
17.5074050778785,1.01281938155105,-2.25859312327638
17.4966701901539,0.897882367518846,-2.20973539090679
17.4902121969243,0.76603235952496,-2.25627929998445
17.3920113077503,0.657884208234566,-2.17980454216438
17.3137142589915,0.61872502936277,-2.27982420000486
17.4867330718312,0.500936308069411,-2.33322730402961
17.5080336360229,0.396997888171093,-2.11751185546663
17.4252029923751,0.204063698443765,-2.01574104017616
17.3832036248016,0.109306324304685,-2.18077670333685
17.282996433558,-0.0350998746027396,-2.27327424645171
17.3096013026303,-0.189660762132219,-2.31219715672048
17.1785202209287,-0.138811442848804,-2.35897474450219
17.3461422613255,-0.222193285671923,-2.48796840611598
17.2948821015729,-0.124367133415985,-2.42077607857082
17.2396346050577,-0.192249928880443,-2.35605931466306
17.184521265696,-0.295762000444254,-2.54815467297235
17.07987772106,-0.379480403325466,-2.48160579494058
16.9400283677319,-0.506482096921012,-2.38738291774399
16.7680470775528,-0.536435990628835,-2.40608684763245
16.7087830049345,-0.571073642510093,-2.18547548445789
16.6685400962687,-0.551138656044406,-2.05538681265705
16.6340739200588,-0.648218133187202,-2.03493845427955
16.4696414312037,-0.768887620634021,-2.07692860379274
16.4962970189634,-0.844124629702653,-2.11652584861383
16.3872673750184,-0.875074087996562,-2.08678575832392
16.4849907434181,-0.913048521445289,-2.06446805139686
16.5990282690834,-0.899483611193314,-2.07974598858005
16.6010335699393,-1.00298536287176,-2.01409272682793
16.4662498311185,-1.15575451580767,-2.04005142617839
16.5032570545512,-1.11615768196776,-2.0263662107093
16.529763973154,-1.14714913220535,-1.85736986542017
16.5151580769872,-1.28483530256454,-1.84832372211998
16.4461428407618,-1.38208285991866,-1.80939233688152
16.513389384755,-1.65496626937681,-1.76954439094833
16.2408971415772,-1.80358357809281,-1.64988240055227
16.0729028341843,-1.94866214526006,-1.62160777891782
16.3352769217723,-2.03148700119785,-1.60885816810465
16.2781420356637,-2.17814333222524,-1.6465869881447
16.3197001764642,-2.4128456159401,-1.50691252201037
16.237306756043,-2.54971647295404,-1.56055656946435
16.3251799484086,-2.64514409341915,-1.38436114706562
16.355007129899,-2.87685958125458,-1.25389440535745
16.5299036430388,-2.97511578543424,-1.2364654497609
16.5967304182724,-3.05234960327801,-1.0558861990304
16.6201254434307,-3.10028354311644,-1.08413083635584
16.7590416034628,-3.20523704751625,-1.14716675105608
16.8319559330901,-3.11127966677802,-0.915912656852131
16.8458822664449,-3.15492422443992,-0.985506757796993
16.8926302052086,-3.307621739485,-1.00903171305364
17.0470825934545,-3.4766433849258,-1.01730635155531
17.1551854159357,-3.55394310409074,-1.01760545504722
17.1932576870261,-3.70293957822927,-1.18970994528307
17.1659967371582,-3.82206473150194,-1.12017270903699
17.2224757687165,-3.89061332517736,-0.90920917060369
17.4251941992993,-4.00974155850042,-0.791994026705956
17.5587045059498,-4.11729455560298,-0.872879790903213
17.4503095943293,-4.16669617456326,-0.849424320562862
17.6008509988171,-4.25849688210423,-0.806535374440892
17.5528106478491,-4.32656331885898,-1.01862737854449
17.5444339402262,-4.50444718329191,-1.11804952529962
17.6200215751848,-4.53425725213772,-1.08968573103685
17.7747177995335,-4.65928432793183,-1.09624851735619
17.8579953767824,-4.71098737093195,-1.17046411163048
17.9940772087612,-4.76649712802661,-1.2676184338095
18.0435020425053,-4.88212409466344,-1.39289659905486
18.0191427599927,-5.21969358994065,-1.45137121182168
17.9453688674775,-5.34500323801281,-1.30402027947637
17.8783906101581,-5.37407803194415,-1.33579605415306
17.7480619421558,-5.47876928421797,-1.38367234356601
17.862172011638,-5.6216741937119,-1.39813623597325
17.8613251872324,-5.60706861470234,-1.45255808105761
17.8279134439492,-5.5427837970798,-1.46150108935665
17.991407730717,-5.58730139480561,-1.56025708508281
18.0384033031656,-5.66145731339836,-1.39010101969159
17.9539514841154,-5.77102262729451,-1.46945008655883
17.9005474932624,-5.88182608619344,-1.69248690202864
17.9527305804306,-5.91714391739366,-1.71614617497538
17.959020204085,-6.10600954612816,-1.82608767838543
17.9807193907897,-6.11178128343391,-1.93967809595111
17.821081799273,-6.2427255361668,-1.98854530597421
17.7927235433887,-6.31530735717046,-2.07448466414338
17.7651311110346,-6.48184908587095,-1.9966613267747
17.6832632566802,-6.63176270433549,-1.89137945884318
17.6275690378647,-6.69424842274975,-2.06272693472877
17.3983902319952,-6.81915469931405,-2.296078076135
17.2898529407134,-6.92005567390665,-2.39008194187369
17.2154329959203,-7.03005227076771,-2.46382505380425
17.0966469605879,-7.09258138657953,-2.5570564012131
17.1694678133493,-7.27402868903841,-2.59170533423139
17.1075572863093,-7.27539998970709,-2.58382438548037
16.9951735622553,-7.32818549172805,-2.67732897041555
16.8465477464919,-7.35347377383934,-2.52426784476827
16.9739048020908,-7.36601139159554,-2.31940427981685
16.8182923708269,-7.48896149368976,-2.2928529212331
16.7261532657967,-7.62196950279117,-2.27227235982597
16.6981366990753,-7.56142641505022,-2.2827421868666
16.4957709167983,-7.61677169966324,-2.29902785839085
16.5715783295204,-7.69356689367472,-2.39565484907323
16.5485753494456,-7.75537338652368,-2.44595290334551
16.5306694718598,-7.89320573688424,-2.52950760596901
16.4807883085574,-7.86698287562962,-2.58215962342835
16.316008872343,-7.88840719892075,-2.54357218213562
16.1653528092204,-7.91224611326347,-2.62749450306683
16.0178118324139,-7.91647327928744,-2.61225324418307
15.9812866165427,-7.94821461939019,-2.66141758966975
16.0578998632569,-8.06376821336413,-2.56443845603378
15.9371467877112,-8.15074181870716,-2.61580177314834
15.7564580498003,-8.11548023643862,-2.68288865640743
15.5852551835123,-8.25879202894526,-2.88157062658131
15.3690319482666,-8.22413784234537,-2.87732106404375
15.2064003881597,-8.22345798969278,-2.8600855635178
15.1181326244105,-8.3436676667377,-2.70925079005382
15.0100583530907,-8.48422690963721,-2.7708785749732
14.8685424687516,-8.69254722786193,-2.66810278613138
14.9270484396957,-8.66957671472574,-2.70915446121719
14.8438146630853,-8.7591081325404,-2.6571149823163
14.7622498225153,-8.85664924364126,-2.62106656470452
14.5963421386698,-8.92991611768771,-2.63161563624307
14.4478446105024,-9.10272107105228,-2.78667199457824
14.4548744325079,-9.21055058778356,-2.89712581570535
14.2715312274501,-9.216806650427,-3.0325401198207
14.1899587041681,-9.23709850407423,-3.052336931664
14.0175612415453,-9.23858992474964,-3.04118402798035
13.9870507691084,-9.18813869820671,-3.07172585611905
13.8480808351728,-9.21841627120732,-3.1216134200846
13.7069925408986,-9.27650731706208,-2.92464754303436
13.6367620980202,-9.2203422607332,-2.9167648230247
13.6112247510051,-9.32891721454458,-3.01742643858473
13.5807954281172,-9.36368408037925,-3.09204454561122
13.479787739387,-9.44708072843426,-3.0542249090577
13.4415922683489,-9.43896708404809,-2.94910745636587
13.3700919677951,-9.50908607991126,-2.9948064239934
13.2028297361922,-9.53682997763346,-3.17233423477182
13.1077407087801,-9.5876080870405,-2.99434424707472
13.0294458072043,-9.6094337919442,-2.89220974263138
12.8550201646649,-9.58788137317995,-2.92004282220259
12.7696829149332,-9.65971848504901,-3.00270758253308
12.6738025396772,-9.66760020999572,-2.94603918268624
12.4373927586676,-9.74184893556595,-2.85378101265716
12.3148391906522,-9.75167039707748,-2.83366676725986
12.132079527074,-9.90919883578878,-2.68338788953808
12.0531018598312,-9.98749153692306,-2.59071382342758
12.1000624951405,-9.87700155002908,-2.80250186197952
12.004594129259,-9.89457525971437,-2.7876229789529
12.1512644044238,-9.91278669421389,-2.6821031529907
12.038803391804,-9.81581373297255,-2.62575220958037
11.9970917828135,-9.86671567077076,-2.71036605608533
11.7711507793363,-9.78663807939019,-2.52102392641797
11.761487049044,-9.83366765637851,-2.57398681601772
11.7481557303845,-9.81561150792353,-2.70322227342816
11.6410535785322,-9.90331522663323,-2.64145594419536
11.5415319876115,-9.8854243424997,-2.68539950634791
11.6673110386532,-10.0428622011618,-2.7382992068241
11.6329059678709,-9.97660828165936,-2.72383662199409
11.5666296555147,-10.0583280784247,-2.71063910829648
11.4567714468631,-10.0257824406848,-2.63804229366375
11.3856304385094,-10.0702888148989,-2.72045839249787
11.2033509854628,-10.2314889302186,-2.64321024169092
11.202506753821,-10.2183792484742,-2.64717070106647
11.1631109479595,-10.3060081672945,-2.6905432797806
11.0225608593378,-10.4740969271757,-2.74154605252947
10.9233936731991,-10.6230222432129,-2.87667967773466
10.7227766953663,-10.7009338266248,-3.00265452436692
10.5697958462767,-10.7011790023001,-2.94264636546361
10.4708526764457,-10.8791705143155,-2.89231522433289
10.2467530966288,-10.8198075315987,-2.78316301420416
10.3267403167253,-10.9249709612974,-2.82394803935825
10.3018665032701,-11.0293538386769,-2.68117383470006
10.255559936173,-11.0083557984899,-2.55276925309945
10.0817596559447,-11.0845048547045,-2.46260886052763
9.9816891753874,-11.1798059825315,-2.60934169389565
9.78132719737869,-11.1893292484695,-2.56994002675827
9.64748693761817,-11.3251524438137,-2.58603247979126
9.69842862362803,-11.254143423052,-2.53287854937441
9.73932020295358,-11.2263658844684,-2.50822956844566
9.64007824165733,-11.3763570557943,-2.48720389348956
9.61478844386959,-11.504391459711,-2.46996114404783
9.67271304611635,-11.5786550065077,-2.68019375581947
9.71282594960641,-11.6434978526553,-2.71712321808526
9.64390071083572,-11.7626642727523,-2.4852370765609
9.52618064861866,-11.80761964345,-2.64415730900818
9.45120310196657,-11.6849624327609,-2.76514344648931
9.34762193269231,-11.78937122416,-2.65630661954562
9.32808738662624,-11.7576410710631,-2.64938848732647
9.29919333398996,-11.787730133459,-2.70725876772139
9.19311653082638,-11.9513887544519,-2.63812761648711
9.09130149846343,-12.1261875570292,-2.64474620821423
9.03243400640881,-12.2986220309058,-2.55420145606329
8.95323034521943,-12.3121542443475,-2.61559977087517
8.78119070560571,-12.3680480555986,-2.69502777003382
8.77007795989755,-12.5051138980563,-2.58001092939922
8.67773565420201,-12.4497926549917,-2.62752181415012
8.68215062776733,-12.4898142542489,-2.65726948248564
8.65919447253789,-12.4663551893796,-2.60924354393534
8.57692476654207,-12.4577928818518,-2.68459260742891
8.57526350026615,-12.5674247011055,-2.60826414990522
8.4406006141413,-12.6083202031494,-2.58677482914158
8.316571413895,-12.5335285743621,-2.62158658482267
8.33161819428735,-12.5198886660253,-2.54886859542631
8.1868826850497,-12.6010459506305,-2.42753014365257
8.06467596306357,-12.740949018606,-2.30221393860001
7.98002013951855,-12.8747911883678,-2.06227953443683
7.87125978934559,-12.8870404229917,-2.03925160895057
7.79972125164134,-12.9297845482022,-2.06273239361001
7.76297818326216,-13.1144944136831,-2.18852428487503
7.78062646716938,-13.2394599728813,-2.19402568329069
7.6798561967589,-13.2059859503205,-2.4664309666592
7.69665979733909,-13.2251860593174,-2.32676921669576
7.72091078131889,-13.2446682339677,-2.4372723986077
7.62318545048001,-13.2789494588785,-2.54642526998849
7.50051366375522,-13.4401966575803,-2.3952873823262
7.51054066424508,-13.4130284391407,-2.37265327704185
7.36022080662934,-13.5003589960391,-2.41477305143845
7.3044368970603,-13.5509078356896,-2.43464796636845
7.31891622799151,-13.5499905735927,-2.19249384855658
7.41375156302307,-13.6772343991613,-2.11673686579605
7.49615205419559,-13.6792546506156,-2.01493774236205
7.38523630578912,-13.7570850820043,-2.11718168021592
7.33498703262789,-13.9446456135835,-2.06892038266734
7.31375383127666,-14.053831934646,-2.12655227101754
7.28582721989013,-14.1554216592699,-2.07874769883481
7.31788076369686,-14.1205086485829,-2.03070132785204
7.27361426615234,-14.2086057148206,-1.89192534167962
7.12155447102011,-14.3330217418915,-1.98740715547139
7.10271352393877,-14.4168342065372,-2.15426015409799
7.00646919558333,-14.3315059964736,-2.03974986879849
6.9607487044923,-14.479851395369,-2.00517146419885
6.95462508987634,-14.6191092171425,-1.89818720041696
6.97760514556728,-14.7567655193074,-1.86681224404512
6.9762305857492,-15.0343742736444,-1.79295814968396
6.91042956318433,-15.0811227164341,-1.92003020464658
6.81441945304335,-15.16939928488,-1.90572464665468
6.86099127072307,-15.2922159599221,-1.88933294008224
6.82932608866515,-15.2792005963616,-1.75198409680215
6.86512246105024,-15.3439049646958,-1.7294817906642
6.86967508571484,-15.487818437065,-1.84754359557484
6.77618103178106,-15.5434442029147,-1.72543834217666
6.74282012973723,-15.5537130059996,-1.59556798674078
6.80690675697255,-15.5690688466231,-1.63110109963639
6.88345521527924,-15.520676362021,-1.66136655296919
6.83558996022279,-15.5723172303948,-1.85235497098381
6.74798466956616,-15.5961363334058,-1.82483653661543
6.72716280837678,-15.7209834123405,-1.89200554850116
6.73694273226687,-15.7828355537874,-1.93170034766786
6.71408314930453,-15.818541078058,-1.82260799920596
6.71008094074043,-15.9051824333531,-1.75894667782119
6.78789718321275,-15.8870289883205,-1.6848089284216
6.58528958526065,-15.9372893950114,-1.69114506438146
6.58201190366754,-15.9798585756662,-1.67494390284196
6.56016143090151,-16.1057717719688,-1.70737399969025
6.47541769968461,-16.195305082572,-1.84120466896923
6.27418953156348,-16.3475793282189,-2.08746915816324
6.20204163253681,-16.4276090006669,-2.10404496145027
6.07130325052923,-16.4829615894635,-2.26839869625809
5.998001090051,-16.5511465606184,-2.53488385497047
5.88022521990004,-16.6835529088524,-2.53065457339868
5.86764690625245,-16.7603985172149,-2.45578264818042
5.68782549940152,-16.867607345365,-2.34718560560587
5.5377205567592,-17.0497825900803,-2.41840988195866
5.37401757116712,-17.1565935595425,-2.54613588241874
5.35251417466739,-17.1986760853264,-2.53956131430816
5.23124629050602,-17.2349664430219,-2.47603139671718
5.26920588793033,-17.2703519872852,-2.57838017256369
5.17853357207173,-17.3085140066861,-2.51671072705741
5.17067019907192,-17.3292399783501,-2.46246794860782
5.05771355630889,-17.2601585028632,-2.52389103298282
5.0113219633796,-17.128028290611,-2.46711354162381
4.71803479815446,-17.1579889786672,-2.53186590194897
4.71005498808911,-17.3182639045652,-2.49618176794488
4.61372932325659,-17.3262033288244,-2.39220723645324
4.47214696638583,-17.4622574223621,-2.38281757425369
4.42536094400106,-17.5904428974493,-2.51882508561981
4.42631565864026,-17.6825088269424,-2.58824678213235
4.42123918975882,-17.7594778513661,-2.65731172298014
4.48306333480647,-17.8892851254665,-2.52154391081478
4.45547879807169,-17.8926253257972,-2.34342347086032
4.43379765018617,-17.9459182407799,-2.42409098978182
4.30601213143714,-18.0577926790592,-2.55889521590962
4.2459240460177,-18.2069550105829,-2.4917751246415
4.01054219193114,-18.2477808147874,-2.57599060454799
3.92074364917501,-18.3084460996336,-2.488987955104
3.80913832420991,-18.4002629889595,-2.46286785662161
3.73966978264872,-18.4546640496024,-2.61484848984658
3.77794352085042,-18.4668423618926,-2.7285534679324
3.65793472674741,-18.5356427171589,-2.69627096671491
3.46887349640781,-18.5219876109518,-2.73342146355081
3.33594092191074,-18.5355478090502,-2.72578881524907
3.21068148016163,-18.4688392487234,-2.68589559139587
3.19298813662738,-18.5262895314011,-2.94243727344315
3.15271603192648,-18.4862835616467,-2.91916753574855
3.17264407813419,-18.4490571989586,-2.92876426868997
2.98145385031885,-18.5436308244948,-2.82590646948289
2.98100709536689,-18.6886017733833,-2.89639335539697
2.86547237965961,-18.6694684023065,-2.82944545818833
2.80397431170883,-18.7386089000712,-2.90445756328074
2.63421189630051,-18.8088408955525,-3.08734314683705
2.47381688377348,-18.93387815155,-2.95336541518594
2.35491208565136,-19.1451100844509,-2.80210193145335
2.20539360065935,-19.2022766185279,-2.81779326982884
2.14393211318817,-19.2205213833365,-2.85936525970418
2.03125519268421,-19.3765972465818,-2.86070398562814
1.885466519608,-19.283610004821,-2.73354062368988
1.74646718960319,-19.3561337523252,-2.72768361113763
1.55683032588954,-19.1610275665392,-2.81642781163684
1.5143043143343,-19.2117920098081,-2.85034262613556
1.45981016683605,-19.355331835126,-2.73558757993271
1.23810137383256,-19.4833199244055,-2.64687094713799
1.22112160744202,-19.5161820604531,-2.70949974902307
1.01995103435908,-19.4988975491608,-2.62901210311233
0.863940332035474,-19.5230774365566,-2.77006691041655
0.724564728984922,-19.6257888117145,-2.7256877862652
0.656103136316374,-19.7673499817535,-2.76202623515877
0.679252158422555,-19.7863440568266,-2.68007792945408
0.568734236858112,-19.8057620597089,-2.69799435794175
0.529690089829876,-19.8349264214801,-2.47884814509093
0.499823522100295,-19.8189847969195,-2.45690766982581
0.426096700290943,-19.9563224067726,-2.51745379890648
0.312372406906206,-19.9394125932564,-2.65947350861214
0.103154202311753,-19.9393239043772,-2.57581335590804
0.043839476682596,-19.9278036270854,-2.62811653727694
-0.000876741413853591,-20.0301187383421,-2.70047748525192
-0.0970217354298598,-20.0880623392727,-2.67232824094134
-0.163207181968905,-20.051881256224,-2.69454376670441
-0.186559689617757,-20.1803204437375,-2.58557954945439
-0.277147394765107,-20.2412116153116,-2.51754155165263
-0.480670158933241,-20.1430673278185,-2.59657446795273
-0.578925323911622,-20.1581717237158,-2.71310952162017
-0.577933753533024,-19.9927759919582,-2.63761309531731
-0.6764723811659,-19.9790582335416,-2.60835518231737
-0.673547950835434,-20.0390282962325,-2.6090444906535
-0.732521324940402,-20.2283108146591,-2.52454297272323
-0.873154366228573,-20.3450675682445,-2.63019933230963
-0.878358721740335,-20.410920873552,-2.56989510619674
-1.05728497477206,-20.392615204305,-2.51408366262162
-1.06732277743017,-20.4147523285078,-2.54776605569698
-1.09127083940092,-20.6676037797269,-2.40513935458027
-1.12863175500149,-20.7214584812957,-2.39292846052767
-1.36317238049616,-20.8884158440881,-2.14725934284004
-1.51275164443509,-20.8464828751908,-2.29920454749
-1.57798984216513,-20.7680325290018,-2.31798853512521
-1.77322703081962,-20.9705621932922,-2.2765870594348
-1.78334886712834,-21.2305986904713,-2.29874476308302
-1.79826846055692,-21.1396650318106,-2.31663893635647
-1.86481095298956,-21.1627600472641,-2.43216215095652
-1.94007837826255,-21.3636619868526,-2.20880510200042
-1.9426569859514,-21.5099887587481,-2.26854468239744
-1.9819251544546,-21.5927906768767,-2.33047037617024
-2.14444897497068,-21.5942145664977,-2.26683445484275
-2.25049616950299,-21.5636343056046,-2.36438035695816
-2.44841697935565,-21.6718338316066,-2.34097015908397
-2.57833027893277,-21.7980525810738,-2.42829110907094
-2.58814831962765,-21.9390032554479,-2.45840647592134
-2.80933435801324,-22.0031265620331,-2.38849811545409
-2.82452784588704,-22.1666056520536,-2.44241487598154
-2.96488181301252,-22.2368512368722,-2.38412532886096
-2.98648616289974,-22.3001723279459,-2.43909013931041
-2.96325774094627,-22.301299031353,-2.35197728902578
-3.02415001388178,-22.3827831861028,-2.29650015806319
-3.04302178603264,-22.5385154041706,-2.22615587446707
-3.05245337060307,-22.6707838017924,-2.28801784749726
-3.19223618462523,-22.8021528273894,-2.27182525884322
-3.1801033622235,-22.8907462838999,-2.2365415698031
-3.14452318684427,-22.9857114372452,-2.13733075734331
-3.2431120903774,-23.0541943543546,-2.31917665276096
-3.31229156158725,-23.1011483126143,-2.33281596910068
-3.43407373210843,-23.1728619030051,-2.3206900947376
-3.50633371651598,-23.2366977120985,-2.26918239379034
-3.71215768896608,-23.3422200419841,-2.27355069473405
-3.75993646696778,-23.4642163732569,-2.20845534337379
-3.85369628636456,-23.5664047845545,-2.29326236613739
-3.96919552128694,-23.6821159529504,-2.30643977181867
-3.98178569150561,-23.8357955483011,-2.29846408638742
-4.08770923983577,-23.9102346610614,-2.32828012711955
-4.19708285366282,-24.0553047361598,-2.20502845380158
-4.38517553832329,-24.1279258687926,-2.12743961185971
-4.48575037406343,-24.0788455097877,-2.11238053267162
-4.56598882715201,-24.0903139543476,-2.26984128362473
-4.68825046118754,-24.1633321853907,-2.37436016495374
-4.86145952168762,-24.2746449130201,-2.53540256167031
-4.99840940175801,-24.2953444504637,-2.2801311869003
-5.03371613272813,-24.4200180821271,-2.27482519357383
-5.05384534368047,-24.5719220270541,-2.24174441789277
-5.12364580406132,-24.8427284529092,-1.96532809928263
-5.20666792358342,-24.8269174590067,-1.97087760421938
-5.36309876977553,-24.9045472548087,-2.13587260822534
-5.43297727315197,-24.9986634927346,-2.37664474246351
-5.38568337614069,-25.1760674923264,-2.32368952475559
-5.48718735729136,-25.3296817942037,-2.2492525011131
-5.5806062009241,-25.4402956500821,-2.07067586236261
-5.6585673701139,-25.7189254355491,-2.01288509847055
-5.60931704401427,-25.6946508395811,-2.15930153309846
-5.63504601799181,-25.5812694622702,-2.14549826124866
-5.62634336502315,-25.6741249080514,-2.26632482543038
-5.6729943904745,-25.8458882580981,-2.39373045794729
-5.83026497883012,-25.9351471028847,-2.5516982100111
-5.90504196586225,-25.9476044329829,-2.42782800669521
-6.0776523889473,-26.1727126747675,-2.33365572618719
-6.2240420958088,-26.2957724366266,-2.30677544710601
-6.22857434862892,-26.4093674740204,-2.21153382924559
-6.23355020865856,-26.6328529357923,-2.37179878773407
-6.38654405717183,-26.6702398842745,-2.29487336512903
-6.40516750718946,-26.7880360177946,-2.35782330889116
-6.48067900204674,-26.8588752926471,-2.40744282944749
-6.59063919037955,-26.8784577159906,-2.42844770006323
-6.68103363431468,-26.8120268742308,-2.44472545603747
-6.72240994352295,-26.7799755356068,-2.46112003921023
-6.80608499016115,-26.8253839795139,-2.5133189168354
-6.79186765766476,-26.9130471680478,-2.34736387470869
-6.86055418764292,-26.9210493465438,-2.58507130171378
-6.87239358061959,-27.0744191914857,-2.557456194854
-6.96164038297532,-27.074762087205,-2.4140366631549
-7.07503527277865,-27.0650467599502,-2.55791622435518
-7.17466158651482,-27.1365522376694,-2.68935156182266
-7.21330574071112,-27.1128999154789,-2.54896888206668
-7.33478230750911,-27.140051037463,-2.54583007859971
-7.48039868090468,-27.102586894308,-2.43847217008339
-7.46187615778007,-27.0969927279272,-2.4505504285177
-7.53119948372335,-27.203475588982,-2.34201405239919
-7.65744496398652,-27.2812835175379,-2.3701337901573
-7.74205729241047,-27.3541495243668,-2.35131186442241
-7.92943439906944,-27.3949055938642,-2.4025926524312
-7.92508632045212,-27.3261259194134,-2.40955666131776
-7.96568272172775,-27.3172548108031,-2.5185467246079
-7.98802739301253,-27.4603991259526,-2.48731186748646
-7.87574549704936,-27.3545647426349,-2.53483171274337
-8.00471323094923,-27.4212442329368,-2.52910876238989
-8.06342619207585,-27.5736478331898,-2.42371938557303
-8.1201412499968,-27.6178156516005,-2.32443714662618
-8.29303847047353,-27.6980858764475,-2.28506898253594
-8.31861735014114,-27.7016825438052,-2.11295058516552
-8.39195837874501,-27.8939285991886,-2.03600137017435
-8.47561378905347,-28.0565934020726,-2.00767526351103
-8.54398471736862,-28.1579070120402,-2.03102640517307
-8.55054257450681,-28.2351489085893,-2.00960808107069
-8.6693617617548,-28.3944382849665,-1.88757140670672
-8.64821520218363,-28.5218118909648,-1.9694786688235
-8.61721517638487,-28.558505162391,-1.99577448132921
-8.6954786758136,-28.5930849726221,-2.08575341243383
-8.91245584087308,-28.6752848200783,-2.12137816466213
-8.92005718486354,-28.6947799709975,-2.07004689385245
-8.89295286458246,-28.5931542242532,-1.95161396558136
-8.99245918216533,-28.718058588494,-1.85298041596344
-8.97725890710095,-28.7053145199153,-1.83878124382394
-8.93333241449639,-28.9030180388555,-1.77150850277217
-8.86696238891811,-28.913687654444,-1.57511962195478
-8.76486406138738,-28.8954516702547,-1.63255346322606
-8.84798316616415,-29.0229497479458,-1.53979871997436
-8.75344057791883,-29.1021409611086,-1.3877731445605
-8.64262178501084,-29.2568659937045,-1.31954866366632
-8.55279049784139,-29.4274262174361,-1.3112471249508
-8.52341931062777,-29.4213610218203,-1.23960485845128
-8.63511388590588,-29.5244834394532,-1.26445561392675
-8.61594441228883,-29.6250775400351,-1.15383013997366
-8.51249481046687,-29.7360987292707,-1.09633479068643
-8.4583459436142,-29.8917201031167,-1.18034310939168
-8.42544315998462,-30.145868018014,-1.11590783632619
-8.60843419029443,-30.2391653402069,-1.13806254691449
-8.63968254406206,-30.3932445761498,-1.27975519229636
-8.71038225287894,-30.4328755957829,-1.42886628311263
-8.67773928546558,-30.4606793120591,-1.32482936379
-8.60303862042148,-30.6398883977465,-1.43613302171479
-8.63702886218157,-30.8835232159912,-1.4775977860891
-8.51814591436014,-30.8570869823396,-1.35621148350763
-8.61796709771893,-30.9604049285523,-1.51083041909991
-8.55136935532992,-31.0037184389736,-1.46209067006195
-8.41177587779478,-31.2469243497979,-1.52525411823968
-8.40084094696499,-31.2047951651738,-1.51882070004768
-8.55267062879426,-31.3143006677881,-1.55213260026712
-8.49266055619281,-31.3951743752542,-1.40231333244742
-8.49179545446529,-31.516366440403,-1.43923524511075
-8.47901895656894,-31.5962547789831,-1.54070973626534
-8.57083846573015,-31.8007481307913,-1.74820909964032
-8.69728236276619,-31.913293567564,-1.62046960992198
-8.82453572736121,-31.9963163612399,-1.57333648074897
-8.7828487105649,-32.2410158114872,-1.60457830697144
-8.66678915240503,-32.3919240535527,-1.75689409273945
-8.43303845465392,-32.6106589282612,-1.68264809590943
-8.69324000245048,-32.5622732726767,-1.6631939533686
-8.59241340864339,-32.7126647294145,-1.68266098734652
-8.83888447855395,-32.8540752689412,-1.6513603236808
-8.58547943548674,-33.0093738674973,-1.5867883565464
-8.59198403245498,-33.1741560309593,-1.63428159329079
-8.62712327417744,-33.2369954536712,-1.63423201921583
-8.59517660749792,-33.2496860463546,-1.57703350708198
-8.47293281583904,-33.4563675284103,-1.59614257985961
-8.54593615400251,-33.4830295159117,-1.55479716959394
-8.61708050972641,-33.5470359649601,-1.56530384580316
-8.55045966242391,-33.6005431296531,-1.5374207730636
-8.60529347203552,-33.6450850447641,-1.47703095203192
-8.71043629674033,-33.7269160403055,-1.38953181845271
-8.6690809221453,-33.7706017914048,-1.4145590121082
-8.59865310348904,-33.9108583468815,-1.22974947397409
-8.60002705432912,-34.2125227136958,-1.22184596783359
-8.4996334295198,-34.3628786750285,-1.40313207552938
-8.49206101165249,-34.4956150443522,-1.33753660333749
-8.50691823409391,-34.6423071339637,-1.41898757687342
-8.34843817138606,-34.740033887291,-1.46337452355711
-8.37321497233206,-34.9040890372777,-1.48725102873975
-8.37840730858017,-34.8144722318314,-1.46500881808958
-8.33689169432366,-34.7929472615305,-1.70506684189409
-8.42054087060389,-34.8676843250821,-1.57315711346714
-8.49008668101608,-34.8783331550732,-1.46931479755895
-8.344679453161,-34.9429368870849,-1.31985137636864
-8.44070977093508,-35.0526623163767,-1.2391833436461
-8.3893109212067,-35.1718497048053,-1.29325562031066
-8.22577522501369,-35.3015226860736,-1.17430735014788
-8.2788344031173,-35.4221059077892,-1.19279924465881
-8.22709638172608,-35.3243825543488,-1.26529521559697
-8.20521295250488,-35.4129641855658,-1.11019281547129
-8.07085073284063,-35.5681483484404,-1.16993206899298
-7.99728428264099,-35.688339852617,-1.30606189207297
-7.94048373596536,-35.8334652239037,-1.23848869002595
-7.8660962438118,-36.0230467620709,-1.34941587372161
-7.77127036248473,-36.2257906369428,-1.40399326680769
-7.77807019632179,-36.2954300778967,-1.43882962460512
-7.72439138697504,-36.329751883523,-1.18485411597163
-7.70881392203236,-36.5115342882876,-1.04352083485949
-7.6841704815249,-36.651531461669,-1.28893333474356
-7.72619694092345,-36.8285284544399,-1.28635025117938
-7.7338498233207,-36.8587703165254,-1.51892896090467
-7.70854760276844,-36.9731834653144,-1.51703095097029
-7.69271990884239,-37.1487855806315,-1.58898154098645
-7.63200376339532,-37.1575889594927,-1.58531561878208
-7.60584407234164,-37.3030777766709,-1.70021641599942
-7.65589129798743,-37.2782414029286,-1.80813406897873
-7.6148113952374,-37.3511790813839,-1.90713215102598
-7.85062274450348,-37.3643242756366,-1.98800701505868
-7.66978198882324,-37.3864675488406,-2.08241753297237
-7.54088337563409,-37.3892543541259,-2.02970416702113
-7.74655923569306,-37.3520804836137,-2.32699038852989
-7.90328715142176,-37.3400842602881,-2.42508562300354
-7.98788313860841,-37.4611132977959,-2.4051828329298
-7.9413797437078,-37.496995340991,-2.52166903965914
-7.92173149889277,-37.4575925467873,-2.49804656546451
-8.00636102851082,-37.5729685598654,-2.66376736447242
-7.97854558427442,-37.6786211408022,-2.84707103759737
-8.14010863157526,-37.6554806263085,-3.03535302687351
-8.2698814323204,-37.7625023974471,-3.16503652221729
-8.3532682359431,-37.7971246279067,-3.35023369504207
-8.59873502743337,-37.9079134512951,-3.37867923176419
-8.69605036645912,-37.7784743414529,-3.54088975236073
-8.84217096143318,-37.6717066258705,-3.58916163168543
-8.95626178532251,-37.4935307024124,-3.61737697346276
-8.98160734651395,-37.4192951087409,-3.5347784404648
-9.16580252791458,-37.3557690783071,-3.48126304026767
-9.31502565302142,-37.358895833651,-3.5555005718109
-9.46448967121423,-37.4299900524871,-3.63092774320366
-9.44543264700195,-37.4334003743672,-3.69751956751249
-9.37339655649023,-37.3571936872233,-3.5619784840388
-9.44881819959076,-37.4194879541413,-3.49090044982447
-9.42936074715332,-37.402199691861,-3.56655683314242
-9.54073131552114,-37.2446969755885,-3.75350456514974
-9.77186401622637,-37.1622043239982,-3.75458655726603
-9.92020331049775,-37.0802670717954,-3.77978796577629
