Alpha_0__Dr_0_1__H_0_5,Alpha_0__Dr_0_5__H_0_5,Alpha_0__Dr_0__H_0_5,Alpha_0__Dr_100__H_0_5,Alpha_0__Dr_10__H_0_5,Alpha_0__Dr_1__H_0_5,Alpha_0__Dr_5__H_0_5
0,0,0,0,0,0,0
0.1,0.1,0.1,0.1,0.1,0.1,0.1
0.2,0.2,0.2,0.2,0.2,0.2,0.2
0.299999999999999,0.299999999999999,0.299999999999999,0.299999999999999,0.299999999999999,0.299999999999999,0.299999999999999
0.4,0.4,0.4,0.4,0.400000000000001,0.4,0.4
0.5,0.5,0.5,0.5,0.5,0.5,0.5
0.599999999999998,0.599999999999998,0.599999999999998,0.599999999999998,0.599999999999998,0.599999999999998,0.599999999999998
0.700000000000001,0.700000000000001,0.700000000000001,0.700000000000001,0.700000000000001,0.700000000000001,0.700000000000001
0.800000000000001,0.800000000000001,0.800000000000001,0.800000000000001,0.800000000000001,0.800000000000001,0.800000000000001
0.900000000000003,0.900000000000003,0.900000000000003,0.900000000000003,0.900000000000003,0.900000000000003,0.900000000000003
1,1,1,1,1,1,1
1.1,1.1,1.1,1.1,1.1,1.1,1.1
1.2,1.2,1.2,1.2,1.2,1.2,1.2
1.3,1.3,1.3,1.3,1.3,1.3,1.3
1.4,1.4,1.4,1.4,1.4,1.4,1.4
1.5,1.5,1.5,1.5,1.5,1.5,1.5
1.6,1.6,1.6,1.6,1.6,1.6,1.6
1.7,1.69999999999999,1.7,1.69999999999999,1.69999999999999,1.7,1.69999999999999
1.80000000000001,1.8,1.80000000000001,1.80000000000001,1.80000000000001,1.80000000000001,1.80000000000001
1.89999999999999,1.89999999999999,1.9,1.89999999999999,1.9,1.9,1.89999999999999
2,2,2,2,2,2,2
2.10000000000001,2.10000000000001,2.10000000000001,2.10000000000001,2.10000000000001,2.10000000000001,2.10000000000001
2.19999999999999,2.19999999999999,2.19999999999999,2.19999999999999,2.19999999999999,2.19999999999999,2.19999999999999
2.30000000000001,2.30000000000001,2.30000000000001,2.30000000000001,2.30000000000001,2.30000000000001,2.30000000000001
2.39999999999999,2.39999999999999,2.39999999999999,2.39999999999999,2.39999999999999,2.39999999999999,2.39999999999999
2.5,2.5,2.5,2.5,2.5,2.5,2.5
2.60000000000001,2.60000000000001,2.60000000000001,2.60000000000001,2.60000000000001,2.60000000000001,2.60000000000001
2.7,2.7,2.7,2.7,2.7,2.7,2.69999999999999
2.8,2.8,2.8,2.8,2.8,2.8,2.8
2.89999999999999,2.89999999999999,2.89999999999999,2.89999999999999,2.89999999999999,2.89999999999999,2.89999999999999
3,3,3,3,3,3,3
3.10000000000001,3.10000000000001,3.10000000000001,3.10000000000001,3.10000000000001,3.10000000000001,3.10000000000001
3.2,3.2,3.2,3.2,3.2,3.2,3.2
3.3,3.3,3.29999999999999,3.3,3.3,3.29999999999999,3.3
3.39999999999999,3.39999999999999,3.39999999999999,3.39999999999999,3.39999999999999,3.39999999999999,3.39999999999999
3.5,3.5,3.5,3.5,3.5,3.5,3.5
3.60000000000001,3.60000000000001,3.60000000000001,3.60000000000001,3.60000000000001,3.60000000000001,3.60000000000001
3.70000000000001,3.70000000000001,3.70000000000001,3.70000000000001,3.70000000000001,3.70000000000001,3.70000000000001
3.79999999999999,3.79999999999999,3.79999999999999,3.79999999999999,3.79999999999999,3.79999999999999,3.79999999999999
3.89999999999999,3.89999999999999,3.89999999999999,3.89999999999999,3.89999999999999,3.89999999999999,3.89999999999999
4,4,4,4,4,4,4
4.10000000000001,4.10000000000001,4.10000000000001,4.10000000000001,4.10000000000001,4.10000000000001,4.10000000000001
4.20000000000001,4.20000000000001,4.20000000000001,4.20000000000001,4.20000000000001,4.20000000000001,4.20000000000001
4.29999999999999,4.29999999999999,4.29999999999999,4.29999999999999,4.29999999999999,4.29999999999999,4.29999999999999
4.39999999999999,4.39999999999999,4.39999999999999,4.39999999999999,4.39999999999999,4.39999999999999,4.39999999999999
4.5,4.5,4.5,4.5,4.5,4.5,4.5
4.60000000000001,4.60000000000001,4.60000000000001,4.60000000000002,4.60000000000001,4.60000000000001,4.60000000000001
4.70000000000002,4.70000000000002,4.70000000000002,4.70000000000002,4.70000000000002,4.70000000000002,4.70000000000001
4.79999999999998,4.79999999999998,4.79999999999998,4.79999999999998,4.79999999999998,4.79999999999998,4.79999999999999
4.89999999999999,4.89999999999999,4.89999999999999,4.89999999999998,4.89999999999999,4.89999999999999,4.89999999999998
5,5,5,5,5,5,5
5.10000000000002,5.10000000000002,5.10000000000001,5.10000000000002,5.10000000000001,5.10000000000001,5.10000000000001
5.20000000000002,5.20000000000002,5.20000000000002,5.20000000000002,5.20000000000002,5.20000000000002,5.20000000000002
5.29999999999998,5.29999999999998,5.29999999999998,5.29999999999998,5.29999999999998,5.29999999999998,5.29999999999998
5.39999999999999,5.39999999999999,5.39999999999999,5.39999999999999,5.39999999999999,5.39999999999999,5.39999999999999
5.5,5.5,5.5,5.5,5.5,5.5,5.5
5.60000000000001,5.60000000000001,5.60000000000001,5.60000000000001,5.60000000000001,5.60000000000001,5.6
5.70000000000002,5.70000000000002,5.70000000000002,5.70000000000002,5.70000000000002,5.70000000000002,5.70000000000002
5.79999999999998,5.79999999999998,5.79999999999998,5.79999999999998,5.79999999999998,5.79999999999998,5.79999999999998
5.9,5.9,5.9,5.9,5.9,5.9,5.9
6,6,6,6,6,6,6
6.1,6.1,6.1,6.1,6.1,6.1,6.1
6.20000000000002,6.20000000000002,6.20000000000002,6.20000000000002,6.20000000000002,6.20000000000002,6.20000000000002
6.29999999999998,6.29999999999998,6.29999999999998,6.29999999999998,6.29999999999998,6.29999999999998,6.29999999999998
6.40000000000001,6.40000000000001,6.40000000000001,6.40000000000001,6.40000000000001,6.40000000000001,6.40000000000001
6.5,6.5,6.5,6.5,6.5,6.5,6.5
6.59999999999999,6.59999999999999,6.59999999999999,6.59999999999999,6.59999999999999,6.59999999999999,6.59999999999999
6.70000000000003,6.70000000000003,6.70000000000002,6.70000000000003,6.70000000000002,6.70000000000002,6.70000000000002
6.79999999999997,6.79999999999998,6.79999999999998,6.79999999999998,6.79999999999998,6.79999999999998,6.79999999999998
6.90000000000001,6.90000000000001,6.90000000000001,6.90000000000001,6.90000000000001,6.90000000000001,6.90000000000001
7,7,7,7,7,7,7
7.09999999999999,7.09999999999999,7.09999999999998,7.09999999999999,7.09999999999999,7.09999999999999,7.09999999999999
7.20000000000003,7.20000000000003,7.20000000000002,7.20000000000003,7.20000000000003,7.20000000000003,7.20000000000002
7.29999999999997,7.29999999999997,7.29999999999998,7.29999999999998,7.29999999999998,7.29999999999997,7.29999999999998
7.40000000000002,7.40000000000002,7.40000000000002,7.40000000000002,7.40000000000002,7.40000000000002,7.40000000000002
7.5,7.5,7.5,7.5,7.5,7.5,7.5
7.59999999999998,7.59999999999998,7.59999999999998,7.59999999999998,7.59999999999998,7.59999999999998,7.59999999999998
7.70000000000003,7.70000000000003,7.70000000000002,7.70000000000003,7.70000000000003,7.70000000000003,7.70000000000003
7.79999999999997,7.79999999999997,7.79999999999998,7.79999999999997,7.79999999999997,7.79999999999997,7.79999999999998
7.90000000000002,7.90000000000002,7.90000000000002,7.90000000000002,7.90000000000002,7.90000000000002,7.90000000000002
8,8,8,8,8,8,8
8.09999999999998,8.09999999999998,8.09999999999998,8.09999999999997,8.09999999999998,8.09999999999998,8.09999999999998
8.20000000000003,8.20000000000003,8.20000000000002,8.20000000000003,8.20000000000003,8.20000000000002,8.20000000000002
8.29999999999997,8.29999999999997,8.29999999999998,8.29999999999997,8.29999999999997,8.29999999999998,8.29999999999997
8.40000000000003,8.40000000000003,8.40000000000003,8.40000000000003,8.40000000000003,8.40000000000003,8.40000000000003
8.5,8.5,8.5,8.5,8.5,8.5,8.5
8.59999999999997,8.59999999999997,8.59999999999997,8.59999999999997,8.59999999999998,8.59999999999997,8.59999999999997
8.70000000000003,8.70000000000003,8.70000000000003,8.70000000000003,8.70000000000002,8.70000000000003,8.70000000000002
8.79999999999997,8.79999999999997,8.79999999999998,8.79999999999997,8.79999999999997,8.79999999999997,8.79999999999998
8.90000000000003,8.90000000000003,8.90000000000003,8.90000000000003,8.90000000000003,8.90000000000003,8.90000000000003
9,9,9,9,9,9,9
9.09999999999997,9.09999999999997,9.09999999999997,9.09999999999997,9.09999999999998,9.09999999999997,9.09999999999997
9.20000000000003,9.20000000000003,9.20000000000003,9.20000000000003,9.20000000000003,9.20000000000003,9.20000000000002
9.29999999999997,9.29999999999997,9.29999999999997,9.29999999999997,9.29999999999997,9.29999999999997,9.29999999999997
9.40000000000003,9.40000000000003,9.40000000000003,9.40000000000003,9.40000000000003,9.40000000000003,9.40000000000003
9.5,9.5,9.5,9.5,9.5,9.5,9.5
9.59999999999996,9.59999999999997,9.59999999999997,9.59999999999997,9.59999999999997,9.59999999999997,9.59999999999997
9.70000000000003,9.70000000000003,9.70000000000003,9.70000000000003,9.70000000000003,9.70000000000003,9.70000000000002
9.79999999999997,9.79999999999997,9.79999999999997,9.79999999999997,9.79999999999997,9.79999999999997,9.79999999999997
9.90000000000004,9.90000000000004,9.90000000000003,9.90000000000003,9.90000000000003,9.90000000000004,9.90000000000003
10,10,10,10,10,10,10
10.1,10.1,10.1,10.1,10.1,10.1,10.1
10.2,10.2,10.2,10.2,10.2,10.2,10.2
10.3,10.3,10.3,10.3,10.3,10.3,10.3
10.4,10.4,10.4,10.4,10.4,10.4,10.4
10.5,10.5,10.5,10.5,10.5,10.5,10.5
10.6,10.6,10.6,10.6,10.6,10.6,10.6
10.7,10.7,10.7,10.7,10.7,10.7,10.7
10.8,10.8,10.8,10.8,10.8,10.8,10.8
10.9,10.9,10.9,10.9,10.9,10.9,10.9
11,11,11,11,11,11,11
11.1,11.1,11.1,11.1,11.1,11.1,11.1
11.2,11.2,11.2,11.2,11.2,11.2,11.2
11.3,11.3,11.3,11.3,11.3,11.3,11.3
11.4,11.4,11.4,11.4,11.4,11.4,11.4
11.5,11.5,11.5,11.5,11.5,11.5,11.5
11.6,11.6,11.6,11.6,11.6,11.6,11.6
11.7,11.7,11.7,11.7,11.7,11.7,11.7
11.8,11.8,11.8,11.8,11.8,11.8,11.8
11.9,11.9,11.9,11.9,11.9,11.9,11.9
12,12,12,12,12,12,12
12.1,12.1,12.1,12.1,12.1,12.1,12.1
12.2,12.2,12.2,12.2,12.2,12.2,12.2
12.3,12.3,12.3,12.3,12.3,12.3,12.3
12.4,12.4,12.4,12.4,12.4,12.4,12.4
12.5,12.5,12.5,12.5,12.5,12.5,12.5
12.6,12.6,12.6,12.6,12.6,12.6,12.6
12.7,12.7,12.7,12.7,12.7,12.7,12.7
12.8,12.8,12.8,12.8,12.8,12.8,12.8
12.9,12.9,12.9,12.9,12.9,12.9,12.9
13,13,13,13,13,13,13
13.1,13.1,13.1,13.1,13.1,13.1,13.1
13.2,13.2,13.2,13.2,13.2,13.2,13.2
13.3,13.3,13.3,13.3,13.3,13.3,13.3
13.4,13.4000000000001,13.4,13.4,13.4,13.4000000000001,13.4
13.5,13.5,13.5,13.5,13.5,13.5,13.5
13.6,13.5999999999999,13.6,13.6,13.5999999999999,13.6,13.6
13.7,13.7,13.7,13.7,13.7,13.7,13.7
13.8,13.8,13.8,13.8,13.8,13.8,13.8
13.9,13.9000000000001,13.9,13.9000000000001,13.9,13.9,13.9
14,14,14,14,14,14,14
14.1,14.0999999999999,14.1,14.0999999999999,14.0999999999999,14.0999999999999,14.1
14.2,14.2,14.2,14.2,14.2,14.2,14.2
14.3,14.3,14.3,14.3,14.3,14.3,14.3
14.4,14.4000000000001,14.4,14.4,14.4,14.4000000000001,14.4
14.5,14.5,14.5,14.5,14.5,14.5,14.5
14.6,14.5999999999999,14.6,14.5999999999999,14.5999999999999,14.5999999999999,14.6
14.7,14.7,14.7,14.7,14.7,14.7,14.7
14.8,14.8,14.8,14.8,14.8,14.8,14.8
14.9,14.9000000000001,14.9,14.9000000000001,14.9,14.9000000000001,14.9
15,15,15,15,15,15,15
15.1,15.0999999999999,15.1,15.1,15.0999999999999,15.0999999999999,15.1
15.2,15.2,15.2,15.2,15.2,15.2,15.2
15.3,15.3,15.3,15.3,15.3,15.3,15.3
15.4,15.4000000000001,15.4,15.4,15.4,15.4000000000001,15.4
15.5,15.5,15.5,15.5,15.5,15.5,15.5
15.6,15.5999999999999,15.6,15.5999999999999,15.5999999999999,15.5999999999999,15.6
15.7,15.7,15.7,15.6999999999999,15.7,15.7,15.7
15.8,15.8,15.8,15.8,15.8,15.8,15.8
15.9000000000001,15.9000000000001,15.9,15.9,15.9,15.9000000000001,15.9
16,16,16,16,16,16,16
16.0999999999999,16.0999999999999,16.1,16.0999999999999,16.0999999999999,16.0999999999999,16.1
16.2,16.2,16.2,16.1999999999999,16.1999999999999,16.2,16.2
16.3,16.3,16.3,16.3,16.3,16.3,16.3
16.4,16.4000000000001,16.4,16.4,16.4,16.4000000000001,16.4
16.5,16.5,16.5,16.5,16.5,16.5,16.5
16.6,16.5999999999999,16.6,16.6,16.5999999999999,16.5999999999999,16.6
16.7,16.7,16.7,16.6999999999999,16.6999999999999,16.6999999999999,16.6999999999999
16.8,16.8000000000001,16.8,16.8000000000001,16.8000000000001,16.8000000000001,16.8
16.9,16.9000000000001,16.9,16.9,16.9,16.9000000000001,16.9
17,17,17,17,17,17,17
17.0999999999999,17.0999999999999,17.1,17.1,17.0999999999999,17.0999999999999,17.1
17.2,17.1999999999999,17.2,17.1999999999999,17.1999999999999,17.1999999999999,17.1999999999999
17.3000000000001,17.3000000000001,17.3,17.3000000000001,17.3000000000001,17.3000000000001,17.3000000000001
17.4000000000001,17.4000000000001,17.4,17.4000000000001,17.4,17.4000000000001,17.4
17.5,17.5,17.5,17.5,17.5,17.5,17.5
17.5999999999999,17.5999999999999,17.6,17.6,17.6,17.5999999999999,17.5999999999999
17.6999999999999,17.6999999999999,17.7,17.6999999999999,17.6999999999999,17.6999999999999,17.6999999999999
17.8000000000001,17.8000000000001,17.8,17.8000000000001,17.8000000000001,17.8000000000001,17.8000000000001
17.9,17.9000000000001,17.9,17.9000000000001,17.9,17.9000000000001,17.9000000000001
18,18,18,18,18,18,18
18.0999999999999,18.0999999999999,18.1,18.1,18.0999999999999,18.0999999999999,18.0999999999999
18.1999999999999,18.1999999999999,18.2,18.1999999999999,18.1999999999999,18.1999999999999,18.1999999999999
18.3000000000001,18.3000000000001,18.3,18.3000000000001,18.3000000000001,18.3000000000001,18.3000000000001
18.4000000000001,18.4000000000001,18.4,18.4000000000001,18.4000000000001,18.4000000000001,18.4
18.5,18.5,18.5,18.5,18.5,18.5,18.5
18.6,18.5999999999999,18.6,18.6,18.5999999999999,18.5999999999999,18.5999999999999
18.6999999999999,18.6999999999999,18.7,18.6999999999999,18.6999999999999,18.6999999999999,18.6999999999999
18.8000000000001,18.8000000000001,18.8,18.8000000000001,18.8000000000001,18.8000000000001,18.8000000000001
18.9,18.9000000000001,18.9,18.9000000000001,18.9000000000001,18.9000000000001,18.9000000000001
19,19,19,19,19,19,19
19.0999999999999,19.0999999999999,19.1,19.1,19.0999999999999,19.0999999999999,19.0999999999999
19.1999999999999,19.1999999999999,19.2,19.1999999999999,19.1999999999999,19.1999999999999,19.1999999999999
19.3000000000001,19.3000000000001,19.3,19.3000000000001,19.3000000000001,19.3000000000001,19.3000000000001
19.4000000000001,19.4000000000001,19.4000000000001,19.4000000000001,19.4000000000001,19.4000000000001,19.4000000000001
19.5,19.5,19.5,19.5,19.5,19.5,19.5
19.5999999999999,19.5999999999999,19.6,19.6,19.5999999999999,19.5999999999999,19.5999999999999
19.6999999999999,19.6999999999999,19.7,19.6999999999999,19.6999999999999,19.6999999999999,19.6999999999999
19.8000000000001,19.8000000000001,19.8000000000001,19.8000000000001,19.8000000000001,19.8000000000001,19.8000000000001
19.9,19.9000000000001,19.9,19.9000000000001,19.9000000000001,19.9000000000001,19.9000000000001
20,20,20,20,20,20,20
20.1,20.0999999999999,20.1,20.1,20.1,20.0999999999999,20.1
20.1999999999999,20.1999999999999,20.2,20.1999999999999,20.1999999999999,20.1999999999999,20.1999999999999
20.3000000000001,20.3000000000001,20.3000000000001,20.3000000000001,20.3000000000001,20.3000000000001,20.3000000000001
20.4000000000001,20.4000000000001,20.4,20.4000000000001,20.4000000000001,20.4000000000001,20.4000000000001
20.5,20.5,20.5,20.5,20.5,20.5,20.5
20.6,20.5999999999999,20.6,20.6,20.6,20.5999999999999,20.6
20.6999999999999,20.6999999999999,20.7,20.7,20.6999999999999,20.6999999999999,20.6999999999999
20.8000000000001,20.8000000000001,20.8000000000001,20.8000000000001,20.8000000000001,20.8000000000001,20.8000000000001
20.9,20.9,20.9,20.9000000000001,20.9,20.9,20.9
21,21,21,21,21,21,21
21.1,21.1,21.1,21.1,21.1,21.1,21.1
21.1999999999999,21.1999999999999,21.2,21.1999999999999,21.1999999999999,21.1999999999999,21.1999999999999
21.3000000000001,21.3000000000001,21.3000000000001,21.3000000000001,21.3000000000001,21.3000000000001,21.3000000000001
21.4,21.4,21.4,21.4,21.4,21.4,21.4
21.5,21.5,21.5,21.5,21.5,21.5,21.5
21.6,21.6,21.6,21.6,21.6,21.6,21.6
21.6999999999999,21.6999999999999,21.7,21.6999999999999,21.6999999999999,21.6999999999999,21.6999999999999
21.8000000000001,21.8000000000001,21.8000000000001,21.8000000000001,21.8000000000001,21.8000000000001,21.8000000000001
21.9,21.9,21.9,21.9,21.9,21.9,21.9
22,22,22,22,22,22,22
22.1,22.1,22.1,22.1,22.1,22.1,22.1
22.1999999999999,22.1999999999999,22.2,22.1999999999999,22.1999999999999,22.1999999999999,22.1999999999999
22.3000000000001,22.3000000000001,22.3000000000001,22.3000000000001,22.3000000000001,22.3000000000001,22.3000000000001
22.4,22.4,22.4,22.4,22.4,22.4,22.4
22.5,22.5,22.5,22.5,22.5,22.5,22.5
22.6,22.6,22.6,22.6,22.6,22.6,22.6
22.6999999999999,22.6999999999999,22.7,22.6999999999999,22.6999999999999,22.6999999999999,22.6999999999999
22.8000000000001,22.8000000000001,22.8000000000001,22.8000000000001,22.8000000000001,22.8000000000001,22.8000000000001
22.9,22.9,22.9,22.9,22.9,22.9,22.9
23,23,23,23,23,23,23
23.1,23.1,23.1,23.1,23.1,23.1,23.1
23.1999999999999,23.1999999999999,23.2,23.2,23.1999999999999,23.1999999999999,23.1999999999999
23.3000000000001,23.3000000000001,23.3000000000001,23.3000000000001,23.3000000000001,23.3000000000001,23.3000000000001
23.4,23.4,23.4,23.4,23.4,23.4,23.4
23.5,23.5,23.5,23.5,23.5,23.5,23.5
23.6,23.6,23.6,23.6,23.6,23.6,23.6
23.6999999999999,23.6999999999999,23.7,23.7,23.6999999999999,23.6999999999999,23.6999999999999
23.8000000000001,23.8000000000001,23.8000000000001,23.8000000000001,23.8000000000001,23.8000000000001,23.8000000000001
23.9,23.9,23.9,23.9,23.9,23.9,23.9
24,24,24,24,24,24,24
24.1,24.1,24.1,24.1,24.1,24.1,24.1
24.1999999999999,24.1999999999999,24.2,24.2,24.2,24.1999999999999,24.1999999999999
24.3000000000001,24.3000000000001,24.3000000000001,24.3000000000001,24.3000000000001,24.3000000000001,24.3000000000001
24.4,24.4,24.4,24.4,24.4,24.4,24.4
24.5,24.5,24.5,24.5,24.5,24.5,24.5
24.6,24.6,24.6,24.6,24.6,24.6,24.6
24.6999999999999,24.6999999999999,24.7,24.7,24.7,24.6999999999999,24.6999999999999
24.8000000000001,24.8000000000001,24.8000000000001,24.8000000000001,24.8000000000001,24.8000000000001,24.8000000000001
24.9,24.9,24.9,24.9,24.9,24.9,24.9
25,25,25,25,25,25,25
25.1,25.1,25.1,25.1,25.1,25.1,25.1
25.1999999999999,25.1999999999999,25.2,25.2,25.2,25.1999999999999,25.1999999999999
25.3000000000001,25.3000000000001,25.3000000000001,25.3000000000001,25.3000000000001,25.3000000000001,25.3000000000001
25.4,25.4,25.4,25.4,25.4,25.4,25.4
25.5,25.5,25.5,25.5,25.5,25.5,25.5
25.6,25.6,25.6,25.6000000000001,25.6,25.6,25.6
25.6999999999999,25.6999999999999,25.7,25.7,25.7,25.6999999999999,25.6999999999999
25.8000000000001,25.8000000000001,25.8000000000001,25.8000000000001,25.8000000000001,25.8000000000001,25.8000000000001
25.9,25.9,25.9,25.9,25.9,25.9,25.9
26,26,26,26,26,26,26
26.1,26.1,26.1,26.1000000000001,26.1,26.1,26.1
26.1999999999999,26.1999999999999,26.2,26.2,26.2,26.1999999999999,26.1999999999999
26.3000000000001,26.3000000000001,26.3000000000001,26.3000000000001,26.3000000000001,26.3000000000001,26.3000000000001
26.4,26.4,26.4,26.4,26.4,26.4,26.4
26.5,26.5,26.5,26.5,26.5,26.5,26.5
26.6,26.6000000000001,26.6,26.6000000000001,26.6000000000001,26.6,26.6000000000001
26.6999999999999,26.6999999999999,26.7,26.7,26.7,26.6999999999999,26.6999999999999
26.8000000000001,26.8000000000001,26.8000000000001,26.8000000000001,26.8000000000001,26.8000000000001,26.8000000000001
26.9,26.9,26.9,26.9,26.9,26.9,26.9
27,27,27,27,27,27,27
27.1000000000001,27.1000000000001,27.1000000000001,27.1000000000001,27.1000000000001,27.1,27.1000000000001
27.1999999999999,27.1999999999999,27.2,27.2,27.2,27.1999999999999,27.1999999999999
27.3000000000001,27.3000000000001,27.3000000000001,27.3000000000001,27.3000000000001,27.3000000000001,27.3000000000001
27.3999999999999,27.4,27.4,27.4,27.4,27.4,27.4
27.5,27.5,27.5,27.5,27.5,27.5,27.5
27.6000000000001,27.6000000000001,27.6000000000001,27.6000000000001,27.6000000000001,27.6000000000001,27.6000000000001
27.6999999999999,27.6999999999999,27.7,27.7,27.7,27.6999999999999,27.6999999999999
27.8000000000001,27.8000000000001,27.8000000000001,27.8000000000001,27.8000000000001,27.8000000000001,27.8000000000001
27.8999999999999,27.9,27.9,27.9,27.9,27.9,27.9
28,28,28,28,28,28,28
28.1000000000001,28.1000000000001,28.1000000000001,28.1000000000001,28.1000000000001,28.1000000000001,28.1000000000001
28.1999999999999,28.1999999999999,28.1999999999999,28.2,28.2,28.1999999999999,28.1999999999999
28.3000000000001,28.3000000000001,28.3000000000001,28.3000000000001,28.3000000000001,28.3000000000001,28.3000000000001
28.3999999999999,28.4,28.4,28.4,28.4,28.3999999999999,28.4
28.5,28.5,28.5,28.5,28.5,28.5,28.5
28.6000000000001,28.6000000000001,28.6000000000001,28.6000000000001,28.6000000000001,28.6000000000001,28.6000000000001
28.6999999999999,28.6999999999999,28.6999999999999,28.7,28.7,28.6999999999999,28.6999999999999
28.8000000000001,28.8000000000001,28.8000000000001,28.8000000000001,28.8000000000001,28.8000000000001,28.8000000000001
28.8999999999999,28.9,28.9,28.9,28.9,28.8999999999999,28.9
29,29,29,29,29,29,29
29.1000000000001,29.1000000000001,29.1000000000001,29.1000000000001,29.1000000000001,29.1000000000001,29.1000000000001
29.1999999999999,29.1999999999999,29.1999999999999,29.2,29.2,29.1999999999999,29.1999999999999
29.3000000000001,29.3000000000001,29.3000000000001,29.3000000000001,29.3000000000001,29.3000000000001,29.3000000000001
29.3999999999999,29.4,29.4,29.4,29.4,29.3999999999999,29.4
29.5,29.5,29.5,29.5,29.5,29.5,29.5
29.6000000000001,29.6000000000001,29.6000000000001,29.6000000000001,29.6000000000001,29.6000000000001,29.6000000000001
29.6999999999999,29.6999999999999,29.6999999999999,29.7,29.7,29.6999999999999,29.6999999999999
29.8000000000001,29.8000000000001,29.8000000000001,29.8000000000001,29.8000000000001,29.8000000000001,29.8000000000001
29.8999999999999,29.8999999999999,29.9,29.9,29.9,29.8999999999999,29.8999999999999
30,30,30,30,30,30,30
30.1000000000001,30.1000000000001,30.1000000000001,30.1000000000001,30.1000000000001,30.1000000000001,30.1000000000001
30.1999999999999,30.1999999999999,30.1999999999999,30.2,30.1999999999999,30.1999999999999,30.1999999999999
30.3000000000001,30.3000000000001,30.3000000000001,30.3000000000001,30.3000000000001,30.3000000000001,30.3000000000001
30.3999999999999,30.3999999999999,30.4,30.4,30.4,30.3999999999999,30.3999999999999
30.5,30.5,30.5,30.5,30.5,30.5,30.5
30.6000000000001,30.6000000000001,30.6000000000001,30.6000000000001,30.6000000000001,30.6000000000001,30.6000000000001
30.6999999999999,30.6999999999999,30.6999999999999,30.7,30.7,30.6999999999999,30.6999999999999
30.8000000000001,30.8000000000001,30.8000000000001,30.8000000000001,30.8000000000001,30.8000000000001,30.8000000000001
30.8999999999999,30.8999999999999,30.9,30.9,30.9,30.8999999999999,30.8999999999999
31,31,31,31,31,31,31
31.1000000000001,31.1000000000001,31.1000000000001,31.1000000000001,31.1000000000001,31.1000000000001,31.1000000000001
31.1999999999999,31.1999999999999,31.1999999999999,31.2,31.1999999999999,31.1999999999999,31.1999999999999
31.3000000000001,31.3000000000001,31.3000000000001,31.3000000000001,31.3000000000001,31.3000000000001,31.3000000000001
31.3999999999999,31.3999999999999,31.4,31.4,31.4,31.3999999999999,31.3999999999999
31.5,31.5,31.5,31.5,31.5,31.5,31.5
31.6000000000001,31.6000000000001,31.6000000000001,31.6000000000001,31.6000000000001,31.6000000000001,31.6000000000001
31.6999999999999,31.6999999999999,31.7,31.7,31.6999999999999,31.6999999999999,31.6999999999999
31.8000000000001,31.8000000000001,31.8000000000001,31.8000000000001,31.8000000000001,31.8000000000001,31.8000000000001
31.8999999999999,31.8999999999999,31.9,31.8999999999999,31.9,31.8999999999999,31.8999999999999
32,32,32,32,32,32,32
32.1000000000001,32.1000000000001,32.1000000000001,32.1000000000001,32.1000000000001,32.1000000000001,32.1000000000001
32.1999999999999,32.1999999999999,32.1999999999999,32.2,32.1999999999999,32.1999999999999,32.1999999999999
32.3000000000001,32.3000000000001,32.3,32.3000000000001,32.3000000000001,32.3000000000001,32.3000000000001
32.3999999999999,32.3999999999999,32.4,32.3999999999999,32.4,32.3999999999999,32.3999999999999
32.5,32.5,32.5,32.5,32.5,32.5,32.5
32.6000000000001,32.6000000000001,32.6000000000001,32.6000000000001,32.6000000000001,32.6000000000001,32.6000000000001
32.6999999999999,32.6999999999999,32.7,32.7,32.6999999999999,32.6999999999999,32.6999999999999
32.8000000000001,32.8000000000001,32.8,32.8000000000001,32.8000000000001,32.8000000000001,32.8000000000001
32.8999999999999,32.8999999999999,32.9,32.9,32.9,32.8999999999999,32.8999999999999
33,33,33,33,33,33,33
33.1000000000001,33.1000000000001,33.1000000000001,33.1000000000001,33.1000000000001,33.1000000000001,33.1000000000001
33.1999999999999,33.1999999999999,33.2,33.2,33.2,33.1999999999999,33.1999999999999
33.3000000000001,33.3000000000001,33.3000000000001,33.3000000000001,33.3000000000001,33.3000000000001,33.3000000000001
33.3999999999999,33.3999999999999,33.4,33.4,33.4,33.3999999999999,33.3999999999999
33.5,33.5,33.5,33.5,33.5,33.5,33.5
33.6000000000001,33.6000000000001,33.6000000000001,33.6000000000001,33.6000000000001,33.6000000000001,33.6000000000001
33.6999999999999,33.6999999999999,33.7,33.7,33.7,33.6999999999999,33.6999999999999
33.8000000000001,33.8000000000001,33.8000000000001,33.8000000000001,33.8000000000001,33.8000000000001,33.8000000000001
33.8999999999999,33.8999999999999,33.9,33.9,33.9,33.8999999999999,33.8999999999999
34,34,34,34,34,34,34
34.1000000000001,34.1000000000001,34.1000000000001,34.1000000000001,34.1000000000001,34.1000000000001,34.1000000000001
34.1999999999999,34.1999999999999,34.1999999999999,34.2,34.2,34.1999999999999,34.1999999999999
34.3000000000001,34.3000000000001,34.3000000000001,34.3000000000001,34.3000000000001,34.3000000000001,34.3000000000001
34.3999999999999,34.3999999999999,34.4,34.4,34.4,34.3999999999999,34.3999999999999
34.5,34.5,34.5,34.5,34.5,34.5,34.5
34.6000000000001,34.6000000000001,34.6000000000001,34.6000000000001,34.6000000000001,34.6000000000001,34.6000000000001
34.6999999999999,34.6999999999999,34.7,34.7,34.7,34.6999999999999,34.6999999999999
34.8000000000001,34.8000000000001,34.8000000000001,34.8000000000001,34.8000000000001,34.8000000000001,34.8000000000001
34.8999999999999,34.8999999999999,34.9,34.9,34.9,34.8999999999999,34.8999999999999
35,35,35,35,35,35,35
35.1000000000001,35.1000000000001,35.1000000000001,35.1000000000002,35.1000000000001,35.1000000000001,35.1000000000001
35.1999999999999,35.1999999999999,35.2,35.2,35.2,35.1999999999999,35.1999999999999
35.3000000000001,35.3000000000001,35.3000000000001,35.3000000000001,35.3000000000001,35.3000000000001,35.3000000000001
35.3999999999999,35.3999999999999,35.4,35.4,35.4,35.3999999999999,35.3999999999999
35.5,35.5,35.5,35.5,35.5,35.5,35.5
35.6000000000001,35.6000000000001,35.6000000000001,35.6000000000002,35.6000000000001,35.6000000000001,35.6000000000001
35.6999999999999,35.6999999999999,35.7,35.7,35.7,35.6999999999999,35.6999999999999
35.8000000000001,35.8000000000001,35.8000000000001,35.8000000000001,35.8000000000001,35.8000000000001,35.8000000000001
35.8999999999999,35.8999999999999,35.9,35.9,35.9,35.8999999999999,35.8999999999999
36,36,36,36,36,36,36
36.1000000000001,36.1000000000001,36.1000000000001,36.1000000000002,36.1000000000002,36.1000000000001,36.1000000000001
36.1999999999999,36.1999999999999,36.2,36.2,36.2,36.1999999999999,36.1999999999999
36.3000000000001,36.3000000000001,36.3000000000001,36.3000000000001,36.3000000000001,36.3000000000001,36.3000000000001
36.3999999999999,36.3999999999999,36.4,36.4,36.4,36.3999999999999,36.3999999999999
36.5,36.5,36.5,36.5,36.5,36.5,36.5
36.6000000000001,36.6000000000001,36.6000000000001,36.6000000000002,36.6000000000002,36.6000000000001,36.6000000000002
36.6999999999999,36.6999999999999,36.7,36.7,36.7,36.6999999999999,36.6999999999999
36.8000000000001,36.8000000000001,36.8000000000001,36.8000000000001,36.8000000000001,36.8000000000001,36.8000000000001
36.8999999999999,36.8999999999999,36.9,36.9,36.9,36.8999999999999,36.8999999999999
37,37,37,37,37,37,37
37.1000000000001,37.1000000000001,37.1000000000001,37.1000000000002,37.1000000000002,37.1000000000001,37.1000000000002
37.1999999999999,37.1999999999999,37.2,37.2,37.2,37.1999999999999,37.1999999999999
37.3000000000001,37.3000000000001,37.3000000000001,37.3000000000001,37.3000000000001,37.3000000000001,37.3000000000001
37.3999999999999,37.3999999999999,37.4,37.4,37.4,37.3999999999999,37.3999999999999
37.5,37.5,37.5,37.5,37.5,37.5,37.5
37.6000000000001,37.6000000000001,37.6000000000001,37.6000000000002,37.6000000000002,37.6000000000001,37.6000000000002
37.6999999999999,37.6999999999999,37.7,37.7,37.7,37.6999999999999,37.6999999999999
37.8000000000001,37.8000000000001,37.8000000000001,37.8000000000001,37.8000000000001,37.8000000000001,37.8000000000001
37.8999999999999,37.8999999999999,37.9,37.9,37.9,37.8999999999999,37.8999999999999
38,38,38,38,38,38,38
38.1000000000001,38.1000000000001,38.1000000000001,38.1000000000002,38.1000000000002,38.1000000000001,38.1000000000002
38.1999999999999,38.1999999999999,38.2,38.2,38.2,38.1999999999999,38.1999999999999
38.3000000000001,38.3000000000001,38.3000000000001,38.3000000000002,38.3000000000001,38.3000000000001,38.3000000000001
38.3999999999999,38.3999999999999,38.4,38.4,38.4,38.3999999999999,38.3999999999999
38.5,38.5,38.5,38.5,38.5,38.5,38.5
38.6000000000001,38.6000000000001,38.6,38.6000000000002,38.6000000000002,38.6000000000002,38.6000000000002
38.6999999999999,38.6999999999999,38.7,38.7,38.7,38.6999999999999,38.6999999999999
38.8000000000001,38.8000000000001,38.8,38.8000000000002,38.8000000000001,38.8000000000001,38.8000000000001
38.8999999999999,38.8999999999999,38.9,38.9,38.9,38.8999999999999,38.8999999999999
39,39,39,39,39,39,39
39.1000000000001,39.1000000000001,39.1,39.1000000000002,39.1000000000002,39.1000000000002,39.1000000000002
39.1999999999999,39.1999999999999,39.2,39.2,39.2,39.1999999999999,39.1999999999999
39.3000000000001,39.3000000000001,39.3,39.3000000000001,39.3000000000001,39.3000000000001,39.3000000000001
39.3999999999999,39.3999999999999,39.4,39.4,39.4,39.3999999999999,39.3999999999999
39.5,39.5,39.5,39.5,39.5,39.5,39.5
39.6000000000001,39.6000000000001,39.6,39.6000000000002,39.6000000000002,39.6000000000001,39.6000000000002
39.6999999999999,39.6999999999999,39.7,39.7,39.7,39.6999999999999,39.6999999999999
39.8000000000001,39.8000000000001,39.8,39.8000000000002,39.8000000000001,39.8000000000001,39.8000000000001
39.8999999999999,39.8999999999999,39.9,39.9,39.9,39.8999999999999,39.8999999999999
40,40,40,40,40,40,40
40.1000000000001,40.1000000000001,40.1,40.1000000000002,40.1000000000002,40.1000000000001,40.1000000000002
40.1999999999999,40.1999999999999,40.2,40.2,40.2,40.1999999999999,40.1999999999999
40.3000000000001,40.3000000000001,40.3,40.3000000000002,40.3000000000001,40.3000000000001,40.3000000000001
40.3999999999999,40.3999999999999,40.4,40.4,40.4,40.3999999999999,40.3999999999999
40.5,40.5,40.5,40.5,40.5,40.5,40.5
40.6000000000001,40.6000000000001,40.6,40.6000000000002,40.6000000000002,40.6000000000002,40.6000000000002
40.6999999999999,40.6999999999999,40.7,40.7,40.7,40.6999999999999,40.6999999999999
40.8000000000001,40.8000000000001,40.8,40.8000000000002,40.8000000000002,40.8000000000001,40.8000000000002
40.8999999999999,40.8999999999999,40.9,40.9,40.9,40.8999999999999,40.8999999999999
41,41,41,41,41,41,41
41.1000000000001,41.1000000000001,41.1,41.1000000000002,41.1000000000002,41.1000000000002,41.1000000000002
41.1999999999999,41.1999999999999,41.2,41.2,41.2,41.1999999999999,41.1999999999999
41.3000000000001,41.3000000000001,41.3,41.3000000000001,41.3000000000001,41.3000000000001,41.3000000000001
41.3999999999999,41.3999999999999,41.4,41.4000000000001,41.4,41.3999999999999,41.4
41.5,41.5,41.5,41.5,41.5,41.5,41.5
41.6000000000001,41.6000000000001,41.6,41.6000000000002,41.6000000000002,41.6000000000002,41.6000000000002
41.6999999999999,41.6999999999999,41.7,41.7,41.7,41.6999999999999,41.6999999999999
41.8000000000001,41.8000000000001,41.8,41.8000000000001,41.8000000000001,41.8000000000001,41.8000000000001
41.8999999999999,41.8999999999999,41.9,41.9000000000001,41.9,41.8999999999999,41.9
42,42,42,42,42,42,42
42.1000000000001,42.1000000000001,42.1,42.1000000000002,42.1000000000002,42.1000000000001,42.1000000000002
42.1999999999999,42.1999999999999,42.2,42.2,42.2,42.1999999999999,42.1999999999999
42.3000000000001,42.3000000000001,42.3,42.3000000000001,42.3000000000001,42.3000000000001,42.3000000000001
42.3999999999999,42.3999999999999,42.4,42.4000000000001,42.4,42.3999999999999,42.4
42.5,42.5,42.5,42.5,42.5,42.5,42.5
42.6000000000001,42.6000000000001,42.6,42.6000000000002,42.6000000000002,42.6000000000001,42.6000000000002
42.6999999999999,42.6999999999999,42.7,42.7,42.7,42.6999999999999,42.7
42.8000000000001,42.8000000000001,42.8,42.8000000000001,42.8000000000001,42.8000000000001,42.8000000000001
42.8999999999999,42.8999999999999,42.9,42.9000000000001,42.9,42.8999999999999,42.9
43,43,43,43,43,43,43
43.1000000000001,43.1000000000001,43.1,43.1000000000002,43.1000000000002,43.1000000000001,43.1000000000002
43.1999999999999,43.2,43.2,43.2,43.2,43.2,43.2
43.3000000000001,43.3000000000001,43.3,43.3000000000001,43.3000000000001,43.3000000000001,43.3000000000001
43.3999999999999,43.3999999999999,43.4,43.4000000000001,43.4,43.3999999999999,43.4
43.5,43.5,43.5,43.5,43.5,43.5,43.5
43.6000000000002,43.6000000000001,43.6000000000001,43.6000000000002,43.6000000000002,43.6000000000002,43.6000000000002
43.7,43.7,43.7,43.7,43.7,43.7,43.7
43.8000000000001,43.8000000000001,43.8,43.8000000000001,43.8000000000001,43.8000000000001,43.8000000000001
43.8999999999998,43.8999999999999,43.9,43.9000000000001,43.9,43.8999999999999,43.9
44,44,44,44,44,44,44
44.1000000000001,44.1000000000001,44.1000000000001,44.1000000000002,44.1000000000002,44.1000000000001,44.1000000000002
44.2,44.2,44.2,44.2,44.2,44.2,44.2
44.3000000000001,44.3000000000001,44.3,44.3000000000001,44.3000000000001,44.3000000000001,44.3000000000001
44.3999999999998,44.3999999999999,44.4,44.4000000000001,44.4,44.3999999999999,44.4
44.5,44.5,44.5,44.5,44.5,44.5,44.5
44.6000000000002,44.6000000000001,44.6000000000001,44.6000000000002,44.6000000000002,44.6000000000002,44.6000000000002
44.7,44.7,44.7,44.7000000000001,44.7,44.7,44.7
44.8,44.8,44.8,44.8000000000001,44.8000000000001,44.8000000000001,44.8000000000001
44.8999999999999,44.8999999999999,44.9,44.9000000000001,44.9,44.8999999999999,44.9
45,45,45,45,45,45,45
45.1000000000001,45.1000000000001,45.1,45.1000000000002,45.1000000000002,45.1000000000002,45.1000000000002
45.2,45.2,45.2,45.2000000000001,45.2,45.2,45.2
45.3,45.3000000000001,45.3,45.3000000000001,45.3000000000001,45.3000000000001,45.3000000000001
45.3999999999999,45.3999999999999,45.4,45.4000000000001,45.4,45.3999999999999,45.4
45.5,45.5,45.5,45.5,45.5,45.5,45.5
45.6000000000001,45.6000000000001,45.6000000000001,45.6000000000002,45.6000000000002,45.6000000000001,45.6000000000002
45.7,45.7,45.7,45.7000000000001,45.7,45.7,45.7
45.8,45.8,45.8,45.8000000000001,45.8000000000001,45.8,45.8000000000001
45.8999999999999,45.8999999999999,45.9,45.9000000000001,45.9,45.8999999999999,45.9
46,46,46,46,46,46,46
46.1000000000002,46.1000000000001,46.1000000000001,46.1000000000002,46.1000000000002,46.1000000000002,46.1000000000002
46.2,46.2,46.2,46.2000000000001,46.2000000000001,46.2,46.2
46.3,46.3,46.3,46.3000000000001,46.3000000000001,46.3,46.3
46.3999999999999,46.3999999999998,46.4,46.4000000000001,46.4,46.3999999999999,46.4
46.5,46.5,46.5,46.5,46.5,46.5,46.5
46.6000000000002,46.6000000000001,46.6000000000001,46.6000000000002,46.6000000000002,46.6000000000002,46.6000000000002
46.7,46.7,46.7,46.7000000000001,46.7000000000001,46.7,46.7
46.8,46.8,46.8,46.8000000000001,46.8000000000001,46.8,46.8
46.8999999999998,46.8999999999999,46.9,46.9000000000001,46.9,46.8999999999999,46.9
47,47,46.9999999999999,47,47,47,47
47.1000000000002,47.1000000000001,47.1,47.1000000000002,47.1000000000002,47.1000000000002,47.1000000000002
47.2,47.2,47.2,47.2000000000001,47.2000000000001,47.2,47.2
47.3,47.3,47.3,47.3000000000001,47.3000000000001,47.3,47.3
47.3999999999998,47.3999999999999,47.4,47.4000000000001,47.4,47.3999999999999,47.4
47.5,47.5,47.4999999999999,47.5,47.5,47.5,47.5
47.6000000000002,47.6000000000001,47.6000000000001,47.6000000000002,47.6000000000002,47.6000000000002,47.6000000000002
47.7,47.7,47.7,47.7000000000001,47.7000000000001,47.7,47.7000000000001
47.8,47.8,47.8,47.8000000000001,47.8000000000001,47.8,47.8
47.8999999999998,47.8999999999999,47.9,47.9000000000001,47.9,47.8999999999999,47.9
48,48,47.9999999999999,48,48,48,48
48.1000000000002,48.1000000000001,48.1,48.1000000000002,48.1000000000002,48.1000000000002,48.1000000000002
48.2,48.2,48.2,48.2000000000002,48.2000000000001,48.2000000000001,48.2000000000001
48.3,48.3,48.3,48.3000000000001,48.3000000000001,48.3,48.3
48.3999999999998,48.3999999999999,48.4,48.4000000000001,48.4,48.3999999999999,48.3999999999999
48.5,48.5,48.5,48.5,48.5,48.5,48.5
48.6000000000002,48.6000000000002,48.6000000000001,48.6000000000002,48.6000000000002,48.6000000000002,48.6000000000002
48.7,48.7,48.7,48.7000000000002,48.7000000000001,48.7000000000001,48.7000000000001
48.8,48.8,48.8,48.8,48.8000000000001,48.8,48.8
48.8999999999998,48.8999999999999,48.9,48.9000000000001,48.9,48.8999999999999,48.9
49,49,49,49,49,49,49
49.1000000000002,49.1000000000002,49.1000000000001,49.1000000000002,49.1000000000002,49.1000000000002,49.1000000000002
49.2,49.2,49.2,49.2000000000002,49.2000000000001,49.2000000000001,49.2000000000001
49.3,49.3,49.3,49.3000000000001,49.3000000000001,49.3,49.3
49.3999999999998,49.3999999999999,49.4,49.4000000000001,49.4,49.3999999999999,49.3999999999999
49.5,49.5,49.4999999999999,49.5,49.5,49.5,49.5
49.6000000000002,49.6000000000001,49.6,49.6000000000002,49.6000000000002,49.6000000000002,49.6000000000002
49.7000000000001,49.7000000000001,49.7,49.7000000000002,49.7000000000001,49.7000000000001,49.7000000000001
49.8,49.8,49.8,49.8000000000001,49.8000000000001,49.8,49.8
49.8999999999998,49.8999999999999,49.9,49.9,49.9,49.8999999999999,49.8999999999999
50,50,49.9999999999999,50,50,50,50
50.1000000000002,50.1000000000002,50.1,50.1000000000003,50.1000000000002,50.1000000000002,50.1000000000002
50.2,50.2000000000001,50.2,50.2000000000002,50.2000000000001,50.2000000000001,50.2000000000001
50.3,50.3,50.3,50.3000000000001,50.3000000000001,50.3,50.3
50.3999999999998,50.3999999999999,50.4,50.4,50.4,50.3999999999999,50.3999999999999
50.5,50.5,50.4999999999999,50.5,50.5,50.5,50.5
50.6000000000002,50.6000000000002,50.6,50.6000000000003,50.6000000000002,50.6000000000002,50.6000000000002
50.7000000000001,50.7000000000001,50.7,50.7000000000002,50.7000000000001,50.7000000000001,50.7000000000001
50.8,50.8,50.8,50.8000000000001,50.8000000000001,50.8,50.8
50.8999999999998,50.8999999999999,50.8999999999999,50.9,50.9,50.8999999999999,50.8999999999999
51,51,50.9999999999999,51,51,51,51
51.1000000000002,51.1000000000001,51.1,51.1000000000002,51.1000000000002,51.1000000000002,51.1000000000002
51.2000000000001,51.2000000000001,51.2000000000001,51.2000000000002,51.2000000000001,51.2000000000001,51.2000000000001
51.3,51.3,51.3,51.3000000000001,51.3000000000001,51.3,51.3
51.3999999999998,51.3999999999999,51.3999999999999,51.4,51.4,51.3999999999999,51.3999999999999
51.5,51.5,51.5,51.5,51.5,51.5,51.5
51.6000000000002,51.6000000000001,51.6,51.6000000000003,51.6000000000002,51.6000000000002,51.6000000000002
51.7000000000001,51.7000000000001,51.7,51.7000000000002,51.7000000000001,51.7000000000001,51.7000000000001
51.7999999999999,51.7999999999999,51.8,51.8000000000001,51.8000000000001,51.8,51.8
51.8999999999998,51.8999999999999,51.8999999999999,51.9,51.9,51.8999999999999,51.8999999999999
52,52,52,52,52,52,52
52.1000000000002,52.1000000000002,52.1,52.1000000000003,52.1000000000002,52.1000000000002,52.1000000000002
52.2000000000001,52.2000000000001,52.2,52.2000000000002,52.2000000000002,52.2000000000001,52.2000000000001
52.2999999999999,52.2999999999999,52.3,52.3000000000001,52.3,52.3,52.3
52.3999999999998,52.3999999999999,52.3999999999999,52.4,52.4,52.3999999999999,52.3999999999999
52.5,52.5,52.4999999999999,52.5,52.5,52.5,52.5
52.6000000000002,52.6000000000002,52.6,52.6000000000003,52.6000000000002,52.6000000000002,52.6000000000002
52.7000000000001,52.7000000000001,52.7,52.7000000000002,52.7000000000002,52.7000000000001,52.7000000000001
52.7999999999999,52.7999999999999,52.8,52.8000000000001,52.8,52.8,52.8
52.8999999999998,52.8999999999999,52.8999999999999,52.9,52.9,52.8999999999999,52.8999999999999
53,53,52.9999999999999,53.0000000000001,53,53,53
53.1000000000002,53.1000000000001,53.1,53.1000000000003,53.1000000000002,53.1000000000002,53.1000000000002
53.2000000000001,53.2000000000001,53.2,53.2000000000002,53.2000000000002,53.2000000000001,53.2000000000001
53.2999999999999,53.2999999999999,53.3,53.3000000000001,53.3,53.2999999999999,53.3
53.3999999999998,53.3999999999999,53.3999999999999,53.4,53.4,53.3999999999999,53.3999999999999
53.5,53.5,53.5,53.5000000000001,53.5,53.5,53.5
53.6000000000002,53.6000000000001,53.6,53.6000000000003,53.6000000000002,53.6000000000002,53.6000000000002
53.7000000000001,53.7000000000001,53.7,53.7000000000002,53.7000000000002,53.7000000000001,53.7000000000001
53.7999999999999,53.7999999999999,53.8,53.8000000000001,53.8,53.7999999999999,53.8
53.8999999999998,53.8999999999999,53.9,53.9,53.9,53.8999999999999,53.8999999999999
54,54,54,54,54,54,54
54.1000000000002,54.1000000000002,54.1,54.1000000000003,54.1000000000002,54.1000000000002,54.1000000000002
54.2000000000001,54.2000000000001,54.2,54.2000000000002,54.2000000000002,54.2000000000001,54.2000000000001
54.2999999999999,54.2999999999999,54.3,54.3000000000001,54.3,54.2999999999999,54.3
54.3999999999998,54.3999999999999,54.4,54.4,54.4,54.3999999999999,54.3999999999999
54.5,54.5,54.5,54.5000000000001,54.5,54.5,54.5
54.6000000000002,54.6000000000001,54.6,54.6000000000003,54.6000000000002,54.6000000000002,54.6000000000002
54.7000000000001,54.7000000000001,54.7,54.7000000000002,54.7000000000002,54.7000000000001,54.7000000000002
54.7999999999999,54.7999999999999,54.8,54.8000000000001,54.8,54.7999999999999,54.8
54.8999999999998,54.8999999999999,54.9,54.9,54.9,54.8999999999999,54.8999999999999
55,55,55,55.0000000000001,55,55,55
55.1000000000002,55.1000000000002,55.1,55.1000000000003,55.1000000000002,55.1000000000002,55.1000000000002
55.2000000000001,55.2000000000001,55.2,55.2000000000002,55.2000000000002,55.2000000000001,55.2000000000002
55.2999999999999,55.2999999999999,55.3,55.3000000000001,55.3000000000001,55.2999999999999,55.3
55.3999999999998,55.3999999999999,55.4,55.4,55.4,55.3999999999999,55.3999999999999
55.5,55.5,55.5,55.5,55.5,55.5,55.5
55.6000000000002,55.6000000000002,55.6,55.6000000000003,55.6000000000002,55.6000000000002,55.6000000000002
55.7000000000001,55.7000000000001,55.7,55.7000000000002,55.7000000000002,55.7000000000002,55.7000000000002
55.7999999999999,55.7999999999999,55.8,55.8000000000001,55.8000000000001,55.7999999999999,55.8
55.8999999999998,55.8999999999998,55.9,55.9,55.9,55.8999999999999,55.8999999999999
56,56,56,56.0000000000001,56,56,56
56.1000000000002,56.1000000000002,56.1,56.1000000000003,56.1000000000003,56.1000000000002,56.1000000000002
56.2000000000001,56.2000000000001,56.2,56.2000000000003,56.2000000000002,56.2000000000001,56.2000000000002
56.2999999999999,56.2999999999999,56.3,56.3000000000001,56.3000000000001,56.2999999999999,56.3
56.3999999999998,56.3999999999999,56.4,56.4,56.4,56.3999999999999,56.3999999999999
56.5,56.5,56.5,56.5000000000001,56.5,56.5,56.5
56.6000000000002,56.6000000000002,56.6,56.6000000000003,56.6000000000003,56.6000000000002,56.6000000000002
56.7000000000001,56.7000000000001,56.7,56.7000000000003,56.7000000000002,56.7000000000001,56.7000000000002
56.7999999999999,56.7999999999999,56.7999999999999,56.8000000000001,56.8000000000001,56.7999999999999,56.8
56.8999999999998,56.8999999999999,56.9,56.9,56.9,56.8999999999999,56.8999999999999
57,57,57,57.0000000000001,57,57,57
57.1000000000002,57.1000000000002,57.1,57.1000000000003,57.1000000000003,57.1000000000002,57.1000000000002
57.2000000000001,57.2000000000001,57.2,57.2000000000003,57.2000000000002,57.2000000000001,57.2000000000002
57.2999999999999,57.2999999999999,57.2999999999999,57.3000000000001,57.3,57.2999999999999,57.2999999999999
57.3999999999998,57.3999999999999,57.4,57.4,57.4,57.3999999999998,57.3999999999999
57.5,57.5,57.5,57.5000000000001,57.5,57.5,57.5
57.6000000000002,57.6000000000002,57.6,57.6000000000003,57.6000000000003,57.6000000000002,57.6000000000002
57.7000000000001,57.7000000000001,57.7,57.7000000000003,57.7000000000002,57.7000000000002,57.7000000000002
57.7999999999999,57.7999999999999,57.8,57.8000000000001,57.8000000000001,57.7999999999999,57.7999999999999
57.8999999999998,57.8999999999998,57.9,57.9,57.9,57.8999999999999,57.8999999999999
58,58,58,58,58,58,58
58.1000000000002,58.1000000000002,58.1,58.1000000000003,58.1000000000003,58.1000000000002,58.1000000000002
58.2000000000001,58.2000000000001,58.2,58.2000000000003,58.2000000000002,58.2000000000002,58.2000000000002
58.2999999999999,58.2999999999999,58.3,58.3000000000001,58.3000000000001,58.2999999999999,58.2999999999999
58.3999999999998,58.3999999999999,58.4,58.4,58.4,58.3999999999999,58.3999999999999
58.5,58.5,58.5,58.5,58.5,58.5,58.5
58.6000000000002,58.6000000000002,58.6,58.6000000000003,58.6000000000003,58.6000000000002,58.6000000000002
58.7000000000001,58.7000000000001,58.7,58.7000000000003,58.7000000000002,58.7000000000002,58.7000000000002
58.7999999999999,58.7999999999999,58.8,58.8000000000001,58.8000000000001,58.7999999999999,58.7999999999999
58.8999999999998,58.8999999999999,58.9,58.9,58.9,58.8999999999999,58.8999999999999
59,59,59,59,59,59,59
59.1000000000002,59.1000000000002,59.1,59.1000000000003,59.1000000000003,59.1000000000002,59.1000000000002
59.2000000000001,59.2000000000001,59.2,59.2000000000003,59.2000000000002,59.2000000000002,59.2000000000002
59.2999999999999,59.2999999999999,59.3,59.3000000000001,59.3000000000001,59.2999999999999,59.2999999999999
59.3999999999998,59.3999999999999,59.4,59.4,59.4,59.3999999999998,59.3999999999999
59.5,59.5,59.5,59.5000000000001,59.5,59.5,59.5
59.6000000000002,59.6000000000002,59.6,59.6000000000003,59.6000000000003,59.6000000000002,59.6000000000002
59.7000000000002,59.7000000000001,59.7,59.7000000000003,59.7000000000002,59.7000000000002,59.7000000000002
59.7999999999999,59.7999999999999,59.8,59.8000000000001,59.8000000000001,59.7999999999999,59.7999999999999
59.8999999999998,59.8999999999999,59.9,59.9,59.9,59.8999999999999,59.8999999999999
60,60,60,60.0000000000001,60,60,60
60.1000000000002,60.1000000000002,60.1,60.1000000000003,60.1000000000003,60.1000000000002,60.1000000000002
60.2000000000002,60.2000000000002,60.2,60.2000000000003,60.2000000000002,60.2000000000002,60.2000000000002
60.2999999999999,60.2999999999999,60.3,60.3000000000001,60.3000000000001,60.2999999999999,60.2999999999999
60.3999999999998,60.3999999999999,60.4,60.4,60.4,60.3999999999999,60.3999999999999
60.5,60.5,60.4999999999999,60.5000000000001,60.5,60.5,60.5
60.6000000000002,60.6000000000002,60.6,60.6000000000003,60.6000000000003,60.6000000000002,60.6000000000002
60.7000000000002,60.7000000000002,60.7,60.7000000000003,60.7000000000002,60.7000000000002,60.7000000000002
60.7999999999999,60.7999999999998,60.8,60.8000000000001,60.8,60.7999999999999,60.7999999999999
60.8999999999998,60.8999999999999,60.9,60.9,60.9,60.8999999999999,60.8999999999999
61,61,60.9999999999999,61.0000000000001,61,61,61
61.1000000000002,61.1000000000002,61.1,61.1000000000003,61.1000000000003,61.1000000000002,61.1000000000002
61.2000000000002,61.2000000000002,61.2,61.2000000000003,61.2000000000003,61.2000000000002,61.2000000000002
61.2999999999999,61.2999999999999,61.3,61.3000000000001,61.3,61.2999999999999,61.2999999999999
61.3999999999998,61.3999999999998,61.4,61.4,61.4,61.3999999999999,61.3999999999999
61.5,61.5,61.4999999999999,61.5000000000001,61.5,61.5,61.5
61.6000000000002,61.6000000000002,61.6,61.6000000000003,61.6000000000003,61.6000000000002,61.6000000000003
61.7000000000002,61.7000000000002,61.7,61.7000000000003,61.7000000000003,61.7000000000002,61.7000000000002
61.7999999999998,61.7999999999998,61.8,61.8000000000001,61.8000000000001,61.7999999999999,61.7999999999999
61.8999999999998,61.8999999999998,61.9,61.9,61.9,61.8999999999999,61.8999999999999
62,62,61.9999999999999,62.0000000000001,62,62,62
62.1000000000002,62.1000000000002,62.0999999999999,62.1000000000003,62.1000000000003,62.1000000000002,62.1000000000003
62.2000000000002,62.2000000000002,62.2,62.2000000000003,62.2000000000003,62.2000000000002,62.2000000000002
62.2999999999998,62.2999999999998,62.3,62.3000000000001,62.3000000000001,62.2999999999999,62.2999999999999
62.3999999999998,62.3999999999999,62.4,62.4,62.4,62.3999999999999,62.3999999999999
62.5,62.5,62.4999999999999,62.5000000000001,62.5,62.5,62.5
62.6000000000002,62.6000000000002,62.5999999999999,62.6000000000003,62.6000000000003,62.6000000000002,62.6000000000003
62.7000000000002,62.7000000000002,62.7,62.7000000000003,62.7000000000003,62.7000000000002,62.7000000000002
62.7999999999998,62.7999999999998,62.8,62.8000000000001,62.8000000000001,62.7999999999999,62.7999999999999
62.8999999999998,62.8999999999999,62.9,62.9,62.9,62.8999999999999,62.8999999999999
63,63,62.9999999999999,63.0000000000001,63,63,63
63.1000000000002,63.1000000000002,63.1,63.1000000000003,63.1000000000003,63.1000000000002,63.1000000000003
63.2000000000002,63.2000000000002,63.2,63.2000000000003,63.2000000000003,63.2000000000002,63.2000000000002
63.2999999999998,63.2999999999998,63.3,63.3000000000001,63.3000000000001,63.2999999999999,63.2999999999999
63.3999999999998,63.3999999999999,63.4,63.4,63.4,63.3999999999999,63.3999999999999
63.5,63.5,63.4999999999999,63.5000000000001,63.5,63.5,63.5
63.6000000000002,63.6000000000002,63.5999999999999,63.6000000000003,63.6000000000003,63.6000000000002,63.6000000000003
63.7000000000002,63.7000000000002,63.7,63.7000000000003,63.7000000000003,63.7000000000002,63.7000000000002
63.7999999999998,63.7999999999998,63.8,63.8000000000001,63.8000000000001,63.7999999999999,63.7999999999999
63.8999999999998,63.8999999999999,63.9,63.9,63.9,63.8999999999999,63.8999999999999
64,64,63.9999999999999,64.0000000000001,64,64,64
64.1000000000002,64.1000000000002,64.1,64.1000000000003,64.1000000000003,64.1000000000002,64.1000000000003
64.2000000000002,64.2000000000002,64.2,64.2000000000003,64.2000000000003,64.2000000000002,64.2000000000002
64.2999999999998,64.2999999999998,64.3,64.3000000000001,64.3000000000001,64.2999999999999,64.2999999999999
64.3999999999998,64.3999999999998,64.3999999999999,64.4,64.4,64.3999999999999,64.3999999999999
64.5,64.5,64.4999999999999,64.5000000000001,64.5,64.5,64.5
64.6000000000002,64.6000000000002,64.6,64.6000000000003,64.6000000000003,64.6000000000002,64.6000000000003
64.7000000000002,64.7000000000002,64.7,64.7000000000003,64.7000000000003,64.7000000000002,64.7000000000002
64.7999999999998,64.7999999999998,64.8,64.8000000000001,64.8,64.7999999999999,64.7999999999999
64.8999999999998,64.8999999999998,64.9,64.9,64.9,64.8999999999999,64.8999999999999
65,65,64.9999999999999,65.0000000000001,65,65,65
65.1000000000002,65.1000000000002,65.1,65.1000000000003,65.1000000000003,65.1000000000002,65.1000000000003
65.2000000000002,65.2000000000002,65.2,65.2000000000003,65.2000000000003,65.2000000000002,65.2000000000003
65.2999999999998,65.2999999999998,65.3,65.3000000000001,65.3,65.2999999999999,65.2999999999999
65.3999999999998,65.3999999999998,65.4,65.4,65.4,65.3999999999999,65.3999999999999
65.5,65.5,65.4999999999999,65.5,65.5,65.5,65.5
65.6000000000002,65.6000000000002,65.6,65.6000000000003,65.6000000000003,65.6000000000002,65.6000000000003
65.7000000000002,65.7000000000002,65.7,65.7000000000003,65.7000000000003,65.7000000000002,65.7000000000002
65.7999999999998,65.7999999999998,65.8,65.8,65.8,65.7999999999999,65.7999999999999
65.8999999999998,65.8999999999998,65.8999999999999,65.9,65.8999999999999,65.8999999999999,65.8999999999999
66,66,65.9999999999999,66,66,66,66
66.1000000000002,66.1000000000002,66.1,66.1000000000003,66.1000000000003,66.1000000000002,66.1000000000003
66.2000000000002,66.2000000000002,66.2,66.2000000000003,66.2000000000003,66.2000000000002,66.2000000000002
66.2999999999998,66.2999999999998,66.3,66.3,66.3,66.2999999999998,66.2999999999999
66.3999999999998,66.3999999999998,66.4,66.4,66.3999999999999,66.3999999999999,66.3999999999999
66.5,66.5,66.4999999999999,66.5,66.5,66.5,66.5
66.6000000000002,66.6000000000002,66.5999999999999,66.6000000000003,66.6000000000003,66.6000000000002,66.6000000000002
66.7000000000002,66.7000000000002,66.7,66.7000000000003,66.7000000000003,66.7000000000002,66.7000000000002
66.7999999999998,66.7999999999998,66.8,66.8,66.8,66.7999999999998,66.7999999999999
66.8999999999998,66.8999999999998,66.9,66.8999999999999,66.8999999999999,66.8999999999999,66.8999999999999
67,67,66.9999999999999,67,67,67,67
67.1000000000002,67.1000000000002,67.1,67.1000000000003,67.1000000000003,67.1000000000002,67.1000000000002
67.2000000000002,67.2000000000002,67.2,67.2000000000003,67.2000000000003,67.2000000000002,67.2000000000002
67.2999999999998,67.2999999999998,67.2999999999999,67.3,67.3,67.2999999999998,67.2999999999999
67.3999999999998,67.3999999999998,67.3999999999999,67.3999999999999,67.3999999999999,67.3999999999998,67.3999999999999
67.5,67.5,67.4999999999999,67.5,67.5,67.5,67.5
67.6000000000002,67.6000000000002,67.5999999999999,67.6000000000003,67.6000000000003,67.6000000000002,67.6000000000002
67.7000000000002,67.7000000000002,67.7,67.7000000000003,67.7000000000003,67.7000000000002,67.7000000000002
67.7999999999998,67.7999999999998,67.8,67.8,67.8,67.7999999999998,67.7999999999998
67.8999999999998,67.8999999999998,67.8999999999999,67.8999999999999,67.8999999999999,67.8999999999998,67.8999999999999
68,68,67.9999999999999,68,68,68,68
68.1000000000002,68.1000000000002,68.0999999999999,68.1000000000003,68.1000000000003,68.1000000000002,68.1000000000002
68.2000000000002,68.2000000000002,68.2,68.2000000000003,68.2000000000003,68.2000000000002,68.2000000000002
68.2999999999998,68.2999999999998,68.3,68.3,68.2999999999999,68.2999999999998,68.2999999999998
68.3999999999998,68.3999999999998,68.3999999999999,68.3999999999999,68.3999999999999,68.3999999999998,68.3999999999998
68.5,68.5,68.4999999999999,68.5,68.5,68.5,68.5
68.6000000000002,68.6000000000002,68.5999999999999,68.6000000000003,68.6000000000002,68.6000000000002,68.6000000000002
68.7000000000002,68.7000000000002,68.7,68.7000000000003,68.7000000000003,68.7000000000002,68.7000000000002
68.7999999999998,68.7999999999998,68.7999999999999,68.8,68.7999999999999,68.7999999999998,68.7999999999998
68.8999999999998,68.8999999999998,68.9,68.8999999999999,68.8999999999999,68.8999999999998,68.8999999999998
69,69,68.9999999999999,69,69,69,69
69.1000000000002,69.1000000000002,69.0999999999999,69.1000000000003,69.1000000000002,69.1000000000002,69.1000000000002
69.2000000000002,69.2000000000002,69.2,69.2000000000003,69.2000000000003,69.2000000000002,69.2000000000002
69.2999999999998,69.2999999999998,69.3,69.2999999999999,69.2999999999999,69.2999999999998,69.2999999999998
69.3999999999998,69.3999999999998,69.3999999999999,69.3999999999999,69.3999999999999,69.3999999999998,69.3999999999998
69.5,69.5,69.4999999999999,69.5,69.5,69.5,69.5
69.6000000000002,69.6000000000002,69.5999999999999,69.6000000000003,69.6000000000002,69.6000000000002,69.6000000000002
69.7000000000002,69.7000000000002,69.7,69.7000000000002,69.7000000000002,69.7000000000002,69.7000000000002
69.7999999999998,69.7999999999998,69.8,69.7999999999999,69.7999999999999,69.7999999999998,69.7999999999998
69.8999999999998,69.8999999999998,69.9,69.8999999999999,69.8999999999999,69.8999999999998,69.8999999999998
70,70,69.9999999999999,70,70,70,70
70.1000000000002,70.1000000000002,70.0999999999999,70.1000000000003,70.1000000000002,70.1000000000002,70.1000000000002
70.2000000000003,70.2000000000002,70.2,70.2000000000002,70.2000000000002,70.2000000000002,70.2000000000002
70.2999999999998,70.2999999999998,70.3,70.2999999999999,70.2999999999999,70.2999999999998,70.2999999999998
70.3999999999998,70.3999999999998,70.4,70.3999999999999,70.3999999999998,70.3999999999998,70.3999999999998
70.5,70.5,70.4999999999999,70.5,70.5,70.5,70.5
70.6000000000002,70.6000000000002,70.5999999999999,70.6000000000002,70.6000000000002,70.6000000000002,70.6000000000002
70.7000000000003,70.7000000000002,70.7,70.7000000000002,70.7000000000002,70.7000000000002,70.7000000000002
70.7999999999998,70.7999999999998,70.8,70.7999999999999,70.7999999999999,70.7999999999998,70.7999999999998
70.8999999999998,70.8999999999998,70.8999999999999,70.8999999999999,70.8999999999998,70.8999999999998,70.8999999999998
71,71,70.9999999999999,71,71,71,71
71.1000000000002,71.1000000000002,71.0999999999999,71.1000000000002,71.1000000000002,71.1000000000002,71.1000000000002
71.2000000000002,71.2000000000002,71.1999999999999,71.2000000000002,71.2000000000002,71.2000000000002,71.2000000000002
71.2999999999998,71.2999999999998,71.3,71.2999999999999,71.2999999999999,71.2999999999998,71.2999999999998
71.3999999999998,71.3999999999998,71.4,71.3999999999998,71.3999999999998,71.3999999999998,71.3999999999998
71.5,71.5,71.4999999999999,71.5,71.5,71.5,71.5
71.6000000000002,71.6000000000002,71.5999999999999,71.6000000000002,71.6000000000002,71.6000000000002,71.6000000000002
71.7000000000003,71.7000000000002,71.7,71.7000000000002,71.7000000000002,71.7000000000002,71.7000000000002
71.7999999999998,71.7999999999998,71.7999999999999,71.7999999999999,71.7999999999999,71.7999999999998,71.7999999999998
71.8999999999998,71.8999999999998,71.8999999999999,71.8999999999998,71.8999999999998,71.8999999999998,71.8999999999998
72,72,71.9999999999999,72,72,72,72
72.1000000000002,72.1000000000002,72.0999999999999,72.1000000000002,72.1000000000002,72.1000000000002,72.1000000000002
72.2000000000002,72.2000000000002,72.2,72.2000000000002,72.2000000000002,72.2000000000002,72.2000000000002
72.2999999999998,72.2999999999998,72.2999999999999,72.2999999999998,72.2999999999999,72.2999999999998,72.2999999999998
72.3999999999998,72.3999999999998,72.4,72.3999999999998,72.3999999999998,72.3999999999998,72.3999999999998
72.5,72.5,72.4999999999999,72.5,72.5,72.5,72.5
72.6000000000002,72.6000000000002,72.5999999999999,72.6000000000002,72.6000000000002,72.6000000000002,72.6000000000002
72.7000000000002,72.7000000000003,72.7,72.7000000000002,72.7000000000002,72.7000000000002,72.7000000000002
72.7999999999998,72.7999999999998,72.7999999999999,72.7999999999998,72.7999999999998,72.7999999999998,72.7999999999998
72.8999999999998,72.8999999999998,72.9,72.8999999999998,72.8999999999998,72.8999999999998,72.8999999999998
73,73,72.9999999999999,73,73,73,73
73.1000000000002,73.1000000000002,73.0999999999999,73.1000000000002,73.1000000000002,73.1000000000002,73.1000000000002
73.2000000000003,73.2000000000002,73.2,73.2000000000002,73.2000000000002,73.2000000000002,73.2000000000002
73.2999999999998,73.2999999999997,73.2999999999999,73.2999999999998,73.2999999999998,73.2999999999998,73.2999999999998
73.3999999999998,73.3999999999998,73.4,73.3999999999998,73.3999999999998,73.3999999999998,73.3999999999998
73.5,73.5,73.4999999999999,73.5,73.5,73.5,73.5
73.6000000000002,73.6000000000002,73.5999999999999,73.6000000000002,73.6000000000002,73.6000000000002,73.6000000000002
73.7000000000003,73.7000000000003,73.6999999999999,73.7000000000002,73.7000000000002,73.7000000000002,73.7000000000002
73.7999999999998,73.7999999999997,73.7999999999999,73.7999999999998,73.7999999999998,73.7999999999998,73.7999999999998
73.8999999999998,73.8999999999998,73.9,73.8999999999998,73.8999999999998,73.8999999999998,73.8999999999998
74,74,73.9999999999999,74,74,74,74
74.1000000000002,74.1000000000002,74.0999999999999,74.1000000000002,74.1000000000002,74.1000000000002,74.1000000000002
74.2000000000003,74.2000000000003,74.1999999999999,74.2000000000002,74.2000000000002,74.2000000000002,74.2000000000002
74.2999999999998,74.2999999999997,74.2999999999999,74.2999999999998,74.2999999999998,74.2999999999998,74.2999999999998
74.3999999999998,74.3999999999998,74.4,74.3999999999998,74.3999999999998,74.3999999999998,74.3999999999998
74.5,74.5,74.4999999999999,74.5,74.5,74.5,74.5
74.6000000000002,74.6000000000002,74.5999999999999,74.6000000000002,74.6000000000002,74.6000000000002,74.6000000000002
74.7000000000003,74.7000000000002,74.7,74.7000000000001,74.7000000000002,74.7000000000002,74.7000000000002
74.7999999999998,74.7999999999998,74.7999999999999,74.7999999999998,74.7999999999998,74.7999999999998,74.7999999999998
74.8999999999998,74.8999999999998,74.9,74.8999999999998,74.8999999999998,74.8999999999998,74.8999999999998
75,75,74.9999999999999,75,75,75,75
75.1000000000002,75.1000000000002,75.0999999999999,75.1000000000002,75.1000000000002,75.1000000000002,75.1000000000002
75.2000000000002,75.2000000000002,75.1999999999999,75.2000000000001,75.2000000000002,75.2000000000003,75.2000000000002
75.2999999999998,75.2999999999997,75.2999999999999,75.2999999999998,75.2999999999998,75.2999999999998,75.2999999999997
75.3999999999998,75.3999999999998,75.4,75.3999999999998,75.3999999999998,75.3999999999998,75.3999999999998
75.5,75.5,75.4999999999999,75.5,75.5,75.5,75.5
75.6000000000002,75.6000000000002,75.5999999999999,75.6000000000002,75.6000000000002,75.6000000000002,75.6000000000002
75.7000000000003,75.7000000000002,75.6999999999999,75.7000000000001,75.7000000000002,75.7000000000002,75.7000000000002
75.7999999999998,75.7999999999997,75.7999999999999,75.7999999999997,75.7999999999998,75.7999999999998,75.7999999999997
75.8999999999998,75.8999999999998,75.9,75.8999999999998,75.8999999999998,75.8999999999998,75.8999999999998
76,76,75.9999999999999,76,76,76,76
76.1000000000002,76.1000000000002,76.0999999999999,76.1000000000001,76.1000000000002,76.1000000000002,76.1000000000002
76.2000000000003,76.2000000000002,76.1999999999999,76.2000000000001,76.2000000000002,76.2000000000002,76.2000000000002
76.2999999999998,76.2999999999997,76.2999999999999,76.2999999999997,76.2999999999997,76.2999999999997,76.2999999999997
76.3999999999998,76.3999999999998,76.4,76.3999999999998,76.3999999999998,76.3999999999998,76.3999999999998
76.5,76.5,76.5,76.5,76.5,76.5,76.5
76.6000000000002,76.6000000000002,76.6,76.6000000000001,76.6000000000002,76.6000000000002,76.6000000000002
76.7000000000003,76.7000000000002,76.6999999999999,76.7000000000001,76.7000000000002,76.7000000000002,76.7000000000001
76.7999999999998,76.7999999999997,76.7999999999999,76.7999999999997,76.7999999999998,76.7999999999998,76.7999999999997
76.8999999999998,76.8999999999998,76.9,76.8999999999998,76.8999999999998,76.8999999999998,76.8999999999998
77,77,76.9999999999999,77,77,77,77
77.1000000000002,77.1000000000002,77.1,77.1000000000001,77.1000000000001,77.1000000000002,77.1000000000002
77.2000000000003,77.2000000000002,77.1999999999999,77.2000000000001,77.2000000000002,77.2000000000002,77.2000000000001
77.2999999999998,77.2999999999998,77.2999999999999,77.2999999999997,77.2999999999997,77.2999999999997,77.2999999999997
77.3999999999998,77.3999999999998,77.4,77.3999999999998,77.3999999999998,77.3999999999998,77.3999999999997
77.5,77.5,77.5,77.5,77.5,77.5,77.5
77.6000000000002,77.6000000000002,77.5999999999999,77.6000000000001,77.6000000000001,77.6000000000002,77.6000000000001
77.7000000000002,77.7000000000002,77.6999999999999,77.7,77.7000000000001,77.7000000000002,77.7000000000002
77.7999999999998,77.7999999999997,77.7999999999999,77.7999999999997,77.7999999999997,77.7999999999997,77.7999999999997
77.8999999999998,77.8999999999998,77.9,77.8999999999998,77.8999999999997,77.8999999999998,77.8999999999997
78,78,78,78,78,78,78
78.1000000000002,78.1000000000002,78.0999999999999,78.1000000000001,78.1000000000001,78.1000000000002,78.1000000000001
78.2000000000002,78.2000000000002,78.1999999999999,78.2,78.2000000000001,78.2000000000002,78.2000000000001
78.2999999999998,78.2999999999997,78.2999999999999,78.2999999999997,78.2999999999997,78.2999999999997,78.2999999999997
78.3999999999998,78.3999999999998,78.4,78.3999999999997,78.3999999999998,78.3999999999998,78.3999999999997
78.5,78.5,78.5,78.5,78.5,78.5,78.5
78.6000000000002,78.6000000000002,78.5999999999999,78.6000000000001,78.6000000000001,78.6000000000002,78.6000000000001
78.7000000000002,78.7000000000002,78.6999999999999,78.7,78.7000000000001,78.7000000000002,78.7000000000001
78.7999999999998,78.7999999999997,78.7999999999999,78.7999999999997,78.7999999999997,78.7999999999997,78.7999999999997
78.8999999999998,78.8999999999998,78.9,78.8999999999997,78.8999999999997,78.8999999999998,78.8999999999997
79,79,79,79,79,79,79
79.1000000000002,79.1000000000002,79.0999999999999,79.1000000000001,79.1000000000001,79.1000000000002,79.1000000000001
79.2000000000003,79.2000000000002,79.1999999999999,79.2,79.2000000000001,79.2000000000002,79.2000000000001
79.2999999999998,79.2999999999997,79.2999999999999,79.2999999999997,79.2999999999997,79.2999999999998,79.2999999999997
79.3999999999998,79.3999999999998,79.4,79.3999999999997,79.3999999999997,79.3999999999998,79.3999999999997
79.5,79.5,79.5,79.5,79.5,79.5,79.5
79.6000000000002,79.6000000000002,79.5999999999999,79.6000000000001,79.6000000000001,79.6000000000002,79.6000000000001
79.7000000000002,79.7000000000002,79.6999999999999,79.7,79.7000000000001,79.7000000000002,79.7000000000001
79.7999999999998,79.7999999999997,79.7999999999999,79.7999999999996,79.7999999999997,79.7999999999997,79.7999999999997
79.8999999999998,79.8999999999998,79.9,79.8999999999997,79.8999999999997,79.8999999999998,79.8999999999997
80,80,80,80,80,80,80
80.1000000000002,80.1000000000002,80.0999999999999,80.1000000000001,80.1000000000001,80.1000000000002,80.1000000000001
80.2000000000002,80.2000000000002,80.1999999999998,80.1999999999999,80.2000000000001,80.2000000000002,80.2000000000001
80.2999999999997,80.2999999999998,80.2999999999999,80.2999999999996,80.2999999999997,80.2999999999998,80.2999999999997
80.3999999999998,80.3999999999998,80.4,80.3999999999997,80.3999999999997,80.3999999999998,80.3999999999997
80.5,80.5,80.5,80.4999999999999,80.5,80.5,80.5
80.6000000000002,80.6000000000002,80.6,80.6000000000001,80.6000000000001,80.6000000000002,80.6000000000001
80.7000000000002,80.7000000000002,80.6999999999999,80.6999999999999,80.7000000000001,80.7000000000002,80.7000000000001
80.7999999999998,80.7999999999997,80.7999999999999,80.7999999999996,80.7999999999997,80.7999999999998,80.7999999999997
80.8999999999998,80.8999999999998,80.9,80.8999999999997,80.8999999999997,80.8999999999998,80.8999999999997
81,81,81,80.9999999999999,81,81,81
81.1000000000002,81.1000000000002,81.0999999999999,81.1000000000001,81.1000000000001,81.1000000000002,81.1000000000001
81.2000000000002,81.2000000000002,81.1999999999999,81.1999999999999,81.2000000000001,81.2000000000002,81.2
81.2999999999997,81.2999999999997,81.2999999999999,81.2999999999996,81.2999999999997,81.2999999999998,81.2999999999997
81.3999999999998,81.3999999999998,81.4,81.3999999999997,81.3999999999997,81.3999999999998,81.3999999999997
81.5,81.5,81.5,81.4999999999999,81.5,81.5,81.5
81.6000000000002,81.6000000000002,81.5999999999999,81.6000000000001,81.6000000000001,81.6000000000002,81.6000000000001
81.7000000000002,81.7000000000002,81.6999999999999,81.6999999999999,81.7,81.7000000000002,81.7
81.7999999999998,81.7999999999997,81.7999999999999,81.7999999999996,81.7999999999997,81.7999999999998,81.7999999999997
81.8999999999998,81.8999999999998,81.9,81.8999999999997,81.8999999999997,81.8999999999998,81.8999999999997
82,82,82,81.9999999999999,81.9999999999999,82,82
82.1000000000002,82.1000000000002,82.0999999999999,82.1000000000001,82.1000000000001,82.1000000000002,82.1000000000001
82.2000000000002,82.2000000000002,82.1999999999999,82.1999999999999,82.2000000000001,82.2000000000002,82.2
82.2999999999997,82.2999999999997,82.2999999999999,82.2999999999996,82.2999999999997,82.2999999999998,82.2999999999997
82.3999999999998,82.3999999999998,82.4,82.3999999999997,82.3999999999997,82.3999999999998,82.3999999999997
82.5,82.5,82.5,82.4999999999999,82.4999999999999,82.5,82.5
82.6000000000002,82.6000000000002,82.5999999999999,82.6,82.6,82.6000000000002,82.6000000000001
82.7000000000003,82.7000000000002,82.6999999999999,82.6999999999999,82.7,82.7000000000002,82.7
82.7999999999997,82.7999999999997,82.7999999999999,82.7999999999996,82.7999999999997,82.7999999999998,82.7999999999997
82.8999999999998,82.8999999999998,82.9,82.8999999999997,82.8999999999997,82.8999999999998,82.8999999999997
83,83,82.9999999999999,82.9999999999999,82.9999999999999,83,83
83.1000000000002,83.1000000000002,83.0999999999999,83.1,83.1,83.1000000000002,83.1000000000001
83.2000000000002,83.2000000000002,83.1999999999999,83.1999999999998,83.2000000000001,83.2000000000002,83.2
83.2999999999997,83.2999999999997,83.2999999999999,83.2999999999996,83.2999999999997,83.2999999999998,83.2999999999997
83.3999999999998,83.3999999999998,83.4,83.3999999999997,83.3999999999997,83.3999999999998,83.3999999999997
83.5,83.5,83.4999999999999,83.4999999999999,83.5,83.5,83.4999999999999
83.6000000000002,83.6000000000002,83.5999999999999,83.6,83.6,83.6000000000002,83.6
83.7000000000003,83.7000000000002,83.6999999999999,83.6999999999998,83.7,83.7000000000002,83.7
83.7999999999998,83.7999999999997,83.7999999999999,83.7999999999996,83.7999999999996,83.7999999999998,83.7999999999996
83.8999999999998,83.8999999999998,83.9,83.8999999999997,83.8999999999997,83.8999999999998,83.8999999999997
84,84,83.9999999999999,83.9999999999999,83.9999999999999,84,84
84.1000000000002,84.1000000000002,84.0999999999999,84.0999999999999,84.1,84.1000000000001,84.1
84.2000000000003,84.2000000000002,84.1999999999999,84.1999999999998,84.2,84.2000000000001,84.2
84.2999999999997,84.2999999999997,84.2999999999999,84.2999999999996,84.2999999999996,84.2999999999998,84.2999999999997
84.3999999999998,84.3999999999998,84.4,84.3999999999998,84.3999999999997,84.3999999999998,84.3999999999997
84.5,84.5,84.5,84.4999999999999,84.4999999999999,84.5,84.4999999999999
84.6000000000002,84.6000000000001,84.5999999999999,84.5999999999999,84.6,84.6000000000001,84.6
84.7000000000003,84.7000000000002,84.6999999999999,84.6999999999998,84.7,84.7000000000001,84.7
84.7999999999997,84.7999999999997,84.7999999999999,84.7999999999996,84.7999999999996,84.7999999999998,84.7999999999997
84.8999999999999,84.8999999999998,84.9,84.8999999999998,84.8999999999998,84.8999999999998,84.8999999999997
85,85,85,84.9999999999999,84.9999999999999,85,84.9999999999999
85.1000000000002,85.1000000000001,85.0999999999999,85.0999999999999,85.1,85.1000000000001,85.1
85.2000000000003,85.2000000000002,85.1999999999999,85.1999999999998,85.2,85.2000000000001,85.2
85.2999999999997,85.2999999999997,85.3,85.2999999999996,85.2999999999996,85.2999999999997,85.2999999999996
85.3999999999998,85.3999999999998,85.4,85.3999999999998,85.3999999999997,85.3999999999998,85.3999999999997
85.5,85.5,85.5,85.4999999999999,85.4999999999999,85.5,85.4999999999999
85.6000000000002,85.6000000000001,85.5999999999999,85.5999999999999,85.6,85.6000000000001,85.6
85.7000000000003,85.7000000000002,85.6999999999999,85.6999999999998,85.7,85.7000000000001,85.7
85.7999999999997,85.7999999999997,85.8,85.7999999999996,85.7999999999996,85.7999999999997,85.7999999999996
85.8999999999999,85.8999999999998,85.9,85.8999999999998,85.8999999999997,85.8999999999998,85.8999999999997
86,86,86,85.9999999999999,85.9999999999999,86,85.9999999999999
86.1000000000002,86.1000000000001,86.0999999999999,86.0999999999998,86.1,86.1000000000001,86.1
86.2000000000002,86.2000000000002,86.1999999999999,86.1999999999998,86.2,86.2000000000001,86.2
86.2999999999997,86.2999999999997,86.3,86.2999999999996,86.2999999999996,86.2999999999997,86.2999999999996
86.3999999999999,86.3999999999999,86.4,86.3999999999998,86.3999999999997,86.3999999999999,86.3999999999998
86.5,86.5,86.5,86.4999999999999,86.4999999999999,86.5,86.4999999999999
86.6000000000002,86.6000000000001,86.5999999999999,86.5999999999998,86.6,86.6000000000001,86.6
86.7000000000003,86.7000000000002,86.6999999999999,86.6999999999998,86.7,86.7000000000001,86.6999999999999
86.7999999999997,86.7999999999997,86.8,86.7999999999996,86.7999999999996,86.7999999999997,86.7999999999996
86.8999999999999,86.8999999999999,86.9,86.8999999999997,86.8999999999997,86.8999999999999,86.8999999999998
87,87,87,86.9999999999999,86.9999999999999,87,86.9999999999999
87.1000000000001,87.1000000000001,87.0999999999999,87.0999999999998,87.1,87.1000000000001,87.1
87.2000000000003,87.2000000000002,87.1999999999999,87.1999999999998,87.2,87.2000000000001,87.1999999999999
87.2999999999997,87.2999999999997,87.3,87.2999999999995,87.2999999999996,87.2999999999997,87.2999999999996
87.3999999999999,87.3999999999999,87.4,87.3999999999997,87.3999999999997,87.3999999999999,87.3999999999998
87.5,87.5,87.5,87.4999999999999,87.4999999999999,87.5,87.4999999999999
87.6000000000001,87.6000000000001,87.5999999999999,87.5999999999998,87.6,87.6,87.6
87.7000000000003,87.7000000000002,87.6999999999999,87.6999999999998,87.7,87.7000000000001,87.6999999999999
87.7999999999997,87.7999999999997,87.8,87.7999999999995,87.7999999999996,87.7999999999997,87.7999999999996
87.8999999999999,87.8999999999999,87.9,87.8999999999997,87.8999999999997,87.8999999999999,87.8999999999998
88,88,87.9999999999999,87.9999999999999,87.9999999999999,88,87.9999999999999
88.1000000000001,88.1000000000001,88.0999999999999,88.0999999999998,88.0999999999999,88.1,88.0999999999999
88.2000000000003,88.2000000000002,88.1999999999999,88.1999999999998,88.2,88.2000000000001,88.1999999999999
88.2999999999997,88.2999999999997,88.3,88.2999999999995,88.2999999999996,88.2999999999998,88.2999999999996
88.3999999999999,88.3999999999999,88.4,88.3999999999997,88.3999999999997,88.3999999999999,88.3999999999998
88.5,88.5,88.4999999999999,88.4999999999999,88.4999999999999,88.5,88.4999999999999
88.6000000000001,88.6000000000001,88.5999999999999,88.5999999999998,88.5999999999999,88.6,88.5999999999999
88.7000000000003,88.7000000000001,88.6999999999999,88.6999999999998,88.7,88.7000000000001,88.6999999999999
88.7999999999997,88.7999999999997,88.8,88.7999999999995,88.7999999999996,88.7999999999997,88.7999999999996
88.8999999999999,88.8999999999999,88.9,88.8999999999997,88.8999999999997,88.8999999999999,88.8999999999998
89,89,88.9999999999999,88.9999999999998,88.9999999999999,89,88.9999999999999
89.1000000000001,89.1,89.0999999999999,89.0999999999997,89.0999999999999,89.1,89.0999999999999
89.2000000000003,89.2000000000002,89.1999999999999,89.1999999999998,89.1999999999999,89.2000000000001,89.1999999999999
89.2999999999997,89.2999999999997,89.3,89.2999999999995,89.2999999999995,89.2999999999997,89.2999999999996
89.3999999999999,89.3999999999999,89.4,89.3999999999997,89.3999999999997,89.3999999999999,89.3999999999998
89.5,89.5,89.4999999999999,89.4999999999999,89.4999999999999,89.5,89.4999999999999
89.6000000000001,89.6,89.5999999999998,89.5999999999997,89.5999999999999,89.6,89.5999999999999
89.7000000000003,89.7000000000002,89.6999999999999,89.6999999999998,89.6999999999999,89.7000000000001,89.6999999999999
89.7999999999997,89.7999999999997,89.8,89.7999999999995,89.7999999999995,89.7999999999997,89.7999999999996
89.8999999999999,89.8999999999999,89.9,89.8999999999997,89.8999999999997,89.8999999999999,89.8999999999998
90,90,89.9999999999999,89.9999999999998,89.9999999999999,90,89.9999999999999
90.1000000000001,90.1,90.0999999999998,90.0999999999997,90.0999999999999,90.1,90.0999999999999
90.2000000000003,90.2000000000002,90.1999999999999,90.1999999999998,90.1999999999999,90.2000000000001,90.1999999999999
90.2999999999997,90.2999999999997,90.2999999999999,90.2999999999995,90.2999999999995,90.2999999999997,90.2999999999996
90.3999999999999,90.3999999999999,90.4,90.3999999999997,90.3999999999997,90.3999999999999,90.3999999999998
90.5,90.5,90.4999999999999,90.4999999999998,90.4999999999999,90.5,90.4999999999999
90.6000000000001,90.6,90.5999999999999,90.5999999999997,90.5999999999999,90.6,90.5999999999999
90.7000000000003,90.7000000000002,90.7,90.6999999999998,90.6999999999999,90.7000000000001,90.6999999999999
90.7999999999997,90.7999999999997,90.7999999999999,90.7999999999995,90.7999999999995,90.7999999999997,90.7999999999996
90.8999999999999,90.8999999999999,90.9,90.8999999999997,90.8999999999998,90.8999999999999,90.8999999999998
91,91,90.9999999999999,90.9999999999998,90.9999999999999,91,90.9999999999999
91.1000000000001,91.1,91.0999999999999,91.0999999999997,91.0999999999999,91.1,91.0999999999999
91.2000000000003,91.2000000000002,91.2,91.1999999999998,91.1999999999999,91.2000000000001,91.1999999999999
91.2999999999997,91.2999999999997,91.2999999999999,91.2999999999995,91.2999999999995,91.2999999999997,91.2999999999996
91.4,91.3999999999999,91.4,91.3999999999997,91.3999999999998,91.3999999999999,91.3999999999998
91.5,91.5,91.4999999999999,91.4999999999998,91.4999999999999,91.5,91.4999999999999
91.6,91.6,91.5999999999999,91.5999999999996,91.5999999999998,91.6,91.5999999999999
91.7000000000003,91.7000000000002,91.7,91.6999999999998,91.6999999999999,91.7000000000001,91.6999999999999
91.7999999999997,91.7999999999997,91.8,91.7999999999995,91.7999999999995,91.7999999999997,91.7999999999996
91.9,91.8999999999999,91.9,91.8999999999997,91.8999999999998,91.8999999999999,91.8999999999998
92,92,91.9999999999999,91.9999999999998,91.9999999999999,92,91.9999999999999
92.1,92.1,92.0999999999999,92.0999999999996,92.0999999999998,92.1,92.0999999999998
92.2000000000003,92.2000000000001,92.2,92.1999999999998,92.1999999999998,92.2000000000001,92.1999999999999
92.2999999999997,92.2999999999997,92.3,92.2999999999995,92.2999999999995,92.2999999999997,92.2999999999996
92.4,92.4,92.4,92.3999999999997,92.3999999999998,92.4,92.3999999999998
92.5,92.5,92.4999999999999,92.4999999999998,92.4999999999999,92.5,92.4999999999999
92.6,92.6,92.5999999999999,92.5999999999996,92.5999999999998,92.6,92.5999999999998
92.7000000000003,92.7000000000001,92.7,92.6999999999998,92.6999999999998,92.7000000000001,92.6999999999999
92.7999999999997,92.7999999999997,92.7999999999999,92.7999999999995,92.7999999999995,92.7999999999997,92.7999999999996
92.9,92.9,92.8999999999999,92.8999999999997,92.8999999999998,92.9,92.8999999999998
93,93,92.9999999999999,92.9999999999998,92.9999999999999,93,92.9999999999999
93.1,93.1,93.0999999999999,93.0999999999996,93.0999999999998,93.1,93.0999999999998
93.2000000000003,93.2000000000001,93.2,93.1999999999997,93.1999999999998,93.2000000000001,93.1999999999999
93.2999999999997,93.2999999999997,93.2999999999999,93.2999999999995,93.2999999999995,93.2999999999997,93.2999999999995
93.4,93.4,93.3999999999999,93.3999999999997,93.3999999999998,93.4,93.3999999999998
93.5,93.5,93.4999999999999,93.4999999999998,93.4999999999999,93.5,93.4999999999999
93.6,93.6,93.5999999999999,93.5999999999996,93.5999999999998,93.6,93.5999999999998
93.7000000000003,93.7000000000001,93.7,93.6999999999997,93.6999999999998,93.7000000000001,93.6999999999999
93.7999999999997,93.7999999999997,93.8,93.7999999999995,93.7999999999995,93.7999999999997,93.7999999999995
93.9,93.9,93.8999999999999,93.8999999999997,93.8999999999998,93.9,93.8999999999998
94,94,93.9999999999999,93.9999999999998,93.9999999999999,94,93.9999999999999
94.1,94.0999999999999,94.0999999999999,94.0999999999996,94.0999999999998,94.1,94.0999999999998
94.2000000000003,94.2000000000002,94.2,94.1999999999997,94.1999999999998,94.2000000000002,94.1999999999999
94.2999999999997,94.2999999999997,94.3,94.2999999999995,94.2999999999995,94.2999999999997,94.2999999999995
94.4,94.4,94.3999999999999,94.3999999999997,94.3999999999998,94.4,94.3999999999998
94.5,94.5,94.4999999999999,94.4999999999997,94.4999999999999,94.5,94.4999999999999
94.6,94.5999999999999,94.5999999999999,94.5999999999995,94.5999999999998,94.6,94.5999999999998
94.7000000000003,94.7000000000002,94.7,94.6999999999997,94.6999999999998,94.7000000000001,94.6999999999999
94.7999999999997,94.7999999999997,94.7999999999999,94.7999999999995,94.7999999999995,94.7999999999997,94.7999999999995
94.9,94.9,94.8999999999999,94.8999999999996,94.8999999999998,94.9,94.8999999999998
95,95,94.9999999999999,94.9999999999998,94.9999999999999,95,94.9999999999999
95.1,95.0999999999999,95.0999999999999,95.0999999999995,95.0999999999998,95.0999999999999,95.0999999999998
95.2000000000003,95.2000000000001,95.2,95.1999999999997,95.1999999999998,95.2000000000001,95.1999999999999
95.2999999999997,95.2999999999997,95.3,95.2999999999995,95.2999999999995,95.2999999999997,95.2999999999995
95.4,95.4,95.3999999999999,95.3999999999996,95.3999999999998,95.4,95.3999999999998
95.5,95.5,95.4999999999999,95.4999999999998,95.4999999999999,95.5,95.4999999999999
95.6,95.5999999999999,95.5999999999999,95.5999999999995,95.5999999999998,95.5999999999999,95.5999999999998
95.7000000000003,95.7000000000001,95.7,95.6999999999997,95.6999999999998,95.7000000000001,95.6999999999999
95.7999999999997,95.7999999999997,95.8,95.7999999999994,95.7999999999995,95.7999999999997,95.7999999999995
95.9,95.9,95.8999999999999,95.8999999999996,95.8999999999998,95.9,95.8999999999998
96,96,95.9999999999999,95.9999999999997,95.9999999999999,96,95.9999999999999
96.1,96.0999999999999,96.0999999999999,96.0999999999995,96.0999999999997,96.0999999999999,96.0999999999997
96.2000000000003,96.2000000000001,96.2,96.1999999999997,96.1999999999998,96.2000000000001,96.1999999999999
96.2999999999997,96.2999999999997,96.3,96.2999999999994,96.2999999999995,96.2999999999997,96.2999999999995
96.4,96.4,96.3999999999999,96.3999999999996,96.3999999999998,96.4,96.3999999999998
96.5,96.5,96.4999999999999,96.4999999999997,96.4999999999999,96.5,96.4999999999999
96.6,96.5999999999999,96.5999999999999,96.5999999999995,96.5999999999997,96.5999999999999,96.5999999999997
96.7000000000003,96.7000000000001,96.7,96.6999999999997,96.6999999999998,96.7000000000001,96.6999999999999
96.7999999999997,96.7999999999997,96.8,96.7999999999994,96.7999999999995,96.7999999999997,96.7999999999995
96.9,96.9,96.8999999999999,96.8999999999996,96.8999999999998,96.9,96.8999999999998
97,97,96.9999999999999,96.9999999999997,96.9999999999999,97,96.9999999999999
97.1,97.0999999999999,97.0999999999999,97.0999999999995,97.0999999999997,97.0999999999999,97.0999999999997
97.2000000000003,97.2000000000001,97.2,97.1999999999997,97.1999999999998,97.2000000000001,97.1999999999999
97.2999999999997,97.2999999999997,97.3,97.2999999999994,97.2999999999995,97.2999999999997,97.2999999999995
97.4,97.4,97.3999999999999,97.3999999999996,97.3999999999997,97.4,97.3999999999998
97.5,97.5,97.5,97.4999999999997,97.4999999999999,97.5,97.4999999999999
97.5999999999999,97.5999999999999,97.5999999999999,97.5999999999995,97.5999999999997,97.5999999999999,97.5999999999997
97.7000000000003,97.7000000000001,97.7,97.6999999999997,97.6999999999998,97.7000000000002,97.6999999999998
97.7999999999997,97.7999999999996,97.8,97.7999999999994,97.7999999999995,97.7999999999997,97.7999999999995
97.9,97.9,97.8999999999999,97.8999999999996,97.8999999999997,97.9,97.8999999999997
98,98,97.9999999999999,97.9999999999997,97.9999999999999,98,97.9999999999999
98.0999999999999,98.0999999999999,98.0999999999999,98.0999999999995,98.0999999999997,98.0999999999999,98.0999999999997
98.2000000000003,98.2000000000002,98.2,98.1999999999997,98.1999999999998,98.2000000000001,98.1999999999998
98.2999999999997,98.2999999999997,98.2999999999999,98.2999999999994,98.2999999999995,98.2999999999997,98.2999999999995
98.4000000000001,98.4,98.3999999999999,98.3999999999996,98.3999999999997,98.4,98.3999999999997
98.5,98.5,98.4999999999999,98.4999999999997,98.4999999999998,98.5,98.4999999999999
98.6,98.5999999999999,98.5999999999999,98.5999999999995,98.5999999999997,98.5999999999999,98.5999999999997
98.7000000000003,98.7000000000002,98.7,98.6999999999997,98.6999999999998,98.7000000000002,98.6999999999998
98.7999999999997,98.7999999999996,98.8,98.7999999999994,98.7999999999995,98.7999999999997,98.7999999999995
98.9000000000001,98.9,98.8999999999999,98.8999999999995,98.8999999999997,98.9,98.8999999999997
99,99,98.9999999999999,98.9999999999997,98.9999999999998,99,98.9999999999999
99.0999999999999,99.0999999999999,99.0999999999999,99.0999999999995,99.0999999999997,99.0999999999999,99.0999999999997
99.2000000000003,99.2000000000002,99.2,99.1999999999997,99.1999999999998,99.2000000000001,99.1999999999998
99.2999999999997,99.2999999999997,99.2999999999999,99.2999999999994,99.2999999999995,99.2999999999997,99.2999999999995
99.4000000000001,99.4000000000001,99.3999999999999,99.3999999999995,99.3999999999997,99.4,99.3999999999997
99.5,99.5,99.4999999999999,99.4999999999997,99.4999999999998,99.5,99.4999999999999
99.5999999999999,99.5999999999999,99.5999999999999,99.5999999999994,99.5999999999997,99.5999999999999,99.5999999999997
99.7000000000003,99.7000000000002,99.6999999999999,99.6999999999996,99.6999999999998,99.7000000000001,99.6999999999998
99.7999999999997,99.7999999999997,99.8,99.7999999999994,99.7999999999994,99.7999999999997,99.7999999999995
99.9000000000001,99.9,99.8999999999999,99.8999999999995,99.8999999999997,99.9,99.8999999999997
